"ST7. Modeling age using the plasma proteome. LASSO modeling was performed using two-third (n=2,858) of the INTERVAL and LonGenity samples to train the model. ",,
,,
Variable,Coefficients full model (373 proteins),Coefficients reduced model (9 proteins)
(Intercept),50.83113495,50.77024455
SCARF2.8956.96.3,2.259681406,0.332945012
ARFIP2.12630.8.3,1.734074534,1.365267144
SOST.13101.60.3,1.685100623,1.954576282
PTN.3045.72.2,1.640669747,2.751886884
WFDC2.11388.75.3,1.354360447,0
AGRP.2813.11.2,-1.284708148,0
GDF15.4374.45.2,1.275807445,3.317853916
MXRA8.10521.10.3,1.079100076,0
IGDCC4.9793.145.3,-1.076529607,-2.301246128
CGA.FSHB.3032.11.2,1.006121404,0.002949099
CD93.14136.234.3,-0.908136488,0
MSMP.8080.24.3,-0.902728106,0
NTRK3.2658.27.1,0.81768404,0
CHAD.13460.4.3,-0.781696659,0
ADAMTS5.3168.8.2,0.742040437,0
COL15A1.8974.172.3,-0.717761963,0
MLN.5631.83.3,0.667657515,0.691871046
CDON.4541.49.2,-0.657691706,0
KLK3.8468.19.3,0.65116703,0
SCG3.7957.2.3,-0.64822133,0
PTPRD.9296.15.3,-0.647544114,0
KLK7.3378.49.2,-0.566508158,0
C1QTNF3.7251.64.3,0.545624665,0
DLK1.6496.60.3,0.533579326,0
CTSF.9212.22.3,0.5282872,0
SVEP1.11109.56.3,0.513893143,0
DSG2.9484.75.3,-0.492712941,0
RET.3220.40.2,-0.489805199,-1.483871289
CCDC80.3234.23.2,0.488798348,0
RSPO4.8464.31.3,0.457383997,0
PTGDS.10514.5.3,0.455178592,0
ART3.7970.315.3,-0.453394335,0
DPT.4979.34.2,0.440000265,0
DCTPP1.4314.12.2,0.435450757,0
ISLR2.13124.20.3,-0.432731619,0
MENT.5744.12.3,-0.422502571,0
ASPN.6451.64.3,0.402744933,0
MMP12.4496.60.2,0.4001586,0
CTSV.3364.76.2,-0.398146557,0
LPO.4801.13.3,-0.394819068,0
IGLON5.6478.2.3,0.392762763,0
PLXNB2.9216.100.3,0.387166491,0
ATP1B2.7218.87.3,-0.384589816,0
ITGAV.ITGB5.4917.62.1,0.334629088,0
EGFR.2677.1.1,-0.328322827,0
THBS2.3339.33.1,-0.32107184,0
TREM1.9266.1.3,0.315464915,0
PPY.4588.1.2,0.314611529,0
CHRDL1.3362.61.2,0.311639952,0
CHIT1.3600.2.3,0.305345582,0
NFASC.7179.69.3,0.303729977,0
KIT.2475.1.3,-0.302923005,0
SGCB.7034.4.3,0.299601022,0
SHISA3.7057.18.3,0.294003167,0
TNFRSF11B.8304.50.3,0.285411001,0
NCAM1.4498.62.2,0.285258591,0
LAG3.9950.229.3,0.277440134,0
POFUT2.6042.52.3,-0.276373003,0
PRSS22.4534.10.2,-0.269824194,0
TMEM132B.8890.9.3,-0.26765207,0
LRRTM2.6904.14.3,-0.267548729,0
ENPP5.6556.5.3,-0.257079328,0
SELL.4831.4.2,-0.25132588,0
NAGPA.11208.15.3,-0.24931708,0
FAM3B.9177.6.3,-0.248308867,0
TNXB.5698.60.3,-0.247524277,0
IL22RA2.5087.5.3,-0.242919877,0
NID1.3213.65.2,-0.235523283,0
SFTPC.5738.25.3,-0.233083754,0
NPW.9986.14.3,0.232534482,0
LECT1.9928.125.3,-0.229726026,0
NTN4.3327.27.1,-0.228293032,0
BCAN.3461.58.1,-0.226149758,0
FAS.9459.7.3,0.225187122,0
INSL5.10462.14.3,-0.222616239,0
F10.4878.3.1,-0.205031086,0
DCBLD2.9338.2.3,0.203524049,0
LRRTM4.6572.10.3,-0.201844887,0
SIGLEC7.2742.68.2,0.200446317,0
SFN.4829.43.6,-0.20036742,0
LEP.8484.24.3,-0.194773269,0
ATF6.11277.23.3,-0.194074361,0
CST6.14711.27.3,-0.191912708,0
IL1RN.5353.89.2,-0.19101864,0
F8.13499.30.3,0.187157508,0
IFI16.13940.19.3,-0.186377209,0
KDR.3651.50.5,-0.18580588,0
MCFD2.10476.23.3,0.179141167,0
CHRDL2.6086.15.3,-0.178780509,0
NSDHL.8038.41.3,-0.170258547,0
MATN2.3325.2.2,-0.166484144,0
BGN.3284.75.1,0.165112731,0
ACBD7.13563.259.3,-0.165065281,0
ANGPT2.2602.2.2,-0.164122768,0
APOB.2797.56.2,0.161178076,0
PIANP.14114.18.3,-0.157414991,0
NELL2.6022.57.3,-0.154293821,0
GMFG.13062.4.3,0.153832047,0
COCH.7227.75.3,0.153797514,0
EREG.4956.2.1,0.151822122,0
FAM19A4.6511.17.3,-0.146329989,0
GP5.7185.29.3,0.146042303,0
NCR3.3003.29.2,-0.145460792,0
ISG15.14151.4.3,-0.141569031,0
LMAN2.7638.30.3,-0.140280919,0
SELP.4154.57.2,0.139058907,0
CNTN2.3296.92.2,0.137531075,0
TBCA.12501.10.3,0.135832941,0
FTH1.FTL.5934.1.3,-0.133099059,0
SEC13.14689.3.3,0.132262933,0
CLIC5.12475.48.3,-0.132246882,0
ROBO2.5116.62.2,-0.132129923,0
CD48.3292.75.1,-0.131549732,0
IGSF11.10700.10.3,-0.130507655,0
GGH.9370.69.3,-0.129275926,0
LAMA1.LAMB1.LAMC1.2728.62.2,0.125721189,0
CD300C.5066.134.3,-0.118746068,0
EPHA10.6036.78.3,-0.118354062,0
CSNK2A1.5224.20.3,-0.118056358,0
PRL.2585.2.5,-0.117584481,0
PLXNC1.4564.2.2,0.117292995,0
PRNP.6545.58.3,0.116716748,0
SIT1.11194.6.3,-0.115722053,0
C10orf54.14123.34.3,-0.115216159,0
CXADR.11204.80.3,-0.115049275,0
GOLM1.8983.7.3,-0.113946865,0
FN1.3435.53.2,0.113240607,0
CHI3L1.11104.13.3,0.111643799,0
TNFRSF4.3730.81.2,-0.111223925,0
AMH.4923.79.1,0.11111477,0
CD3E.8069.85.3,0.110921129,0
SEMA3E.5363.51.3,0.110320296,0
PTH.5954.62.3,0.110204828,0
AGER.4125.52.2,-0.109138886,0
PIGR.3216.2.2,-0.108714415,0
FAM151A.7856.51.3,-0.108340322,0
ASGR2.9474.22.3,-0.10646836,0
ERBB3.2617.56.35,-0.105203011,0
SERPINF1.9211.19.3,-0.103473223,0
RNASEH1.8470.213.3,-0.102741308,0
SPTAN1.5031.10.1,-0.102629664,0
FAM174A.6597.24.3,0.102122508,0
KCNE5.8908.14.3,0.101179814,0
KIR2DS2.10428.1.3,0.100852275,0
GJD2.11678.105.3,-0.0995741,0
PLA2G2A.2692.74.2,-0.097667214,0
PIANP.9599.6.3,-0.097663313,0
CALR.5264.65.3,-0.095809523,0
IL19.3035.80.2,-0.094207606,0
SECTM1.13093.6.3,-0.094047137,0
MAGI2.14066.49.3,0.093011118,0
CYP3A4.2943.5.2,0.092995753,0
CGA.CGB.4914.10.1,0.092543316,0
KCNE2.10427.2.3,-0.092468137,0
IGLL1.6485.59.3,-0.092323879,0
ASIP.5676.54.3,0.091515416,0
CHGA.8476.11.3,0.090634469,0
MUSK.11547.84.3,0.089148132,0
ERO1LB.7994.41.3,-0.088701658,0
ICAM4.6550.4.3,0.087480364,0
CTXN3.10467.58.3,-0.087254764,0
CCL21.2516.57.3,-0.087177853,0
ULBP3.2747.3.2,-0.08673785,0
EPHA1.3431.54.2,0.086350196,0
ENTPD6.8932.1.3,-0.085870682,0
TMEM132C.7173.141.3,-0.085706294,0
CST7.3302.58.1,-0.085314379,0
IL15RA.14054.17.3,0.085079247,0
EPHB2.8225.86.3,-0.085051536,0
PRCP.5722.78.3,0.082659652,0
H6PD.7161.25.3,-0.082392163,0
PCDHAC2.9361.7.3,-0.081488817,0
MGAT1.10571.14.3,-0.080976072,0
GAS1.5463.22.3,-0.080741434,0
NPS.6390.18.3,0.080464162,0
KIRREL2.9917.16.3,-0.080304893,0
MPZ.10615.18.3,-0.080118993,0
TNFRSF17.2665.26.2,-0.07991399,0
PPT1.9244.27.3,-0.078512433,0
UBE2J2.8802.24.3,-0.078209506,0
PF4V1.5663.18.3,-0.078092378,0
ROBO1.5740.17.3,-0.076203488,0
PSG5.9314.9.3,0.07559323,0
VAMP8.7064.2.4,0.073779675,0
PENK.9076.25.3,0.073705836,0
ALDOC.9876.20.3,-0.072554383,0
NRXN3.5111.15.3,0.071740863,0
B4GALT6.10832.24.3,0.071094938,0
RETN.3046.31.1,-0.069701905,0
SFRP1.3221.54.1,0.069680247,0
LEPR.9566.103.3,-0.068904954,0
SERPINF2.3024.18.2,-0.06859919,0
KIAA1467.7892.132.3,-0.068581102,0
TOM1L1.13652.2.3,-0.066801836,0
PRTN3.13720.95.3,-0.066502368,0
ENPP7.4435.66.2,0.06615701,0
CRISP2.9282.12.3,0.065963769,0
TOR1AIP2.10553.8.3,-0.065879796,0
SPINK13.10624.45.3,-0.065646232,0
GNRH2.10708.3.3,-0.065494243,0
DEFB104A.5763.67.3,0.06536772,0
TMEM132A.7871.16.3,-0.06521481,0
ITIH5.8233.2.3,0.064886093,0
STX1B.6966.144.3,0.064794443,0
GPC6.5350.14.2,0.064653915,0
CAV2.9457.3.3,-0.064627938,0
PMEL.6472.40.3,-0.062962165,0
CDSN.7085.81.3,0.062859251,0
CD300LF.5623.11.3,0.062266188,0
TGFB1I1.8777.5.3,-0.061400593,0
AHSG.3581.53.3,-0.060466837,0
PTCHD3.13517.3.3,-0.06043867,0
SIRPB1.6247.9.3,0.060433186,0
NEFH.9900.36.3,0.059531758,0
ETHE1.3847.56.2,-0.057371956,0
COL11A2.11278.4.3,-0.056228162,0
GUCA2B.6223.5.3,-0.055355873,0
RND1.13574.50.3,0.054977364,0
XRCC4.9886.28.3,-0.054579566,0
IL5RA.13686.2.3,0.054047945,0
GRP.5897.58.3,-0.054022672,0
PYDC1.12835.101.3,0.053971676,0
RPLP2.10949.59.3,0.053685877,0
LIPN.8097.77.3,0.053528163,0
C9orf89.7778.104.3,-0.053082588,0
B3GALTL.5727.35.3,-0.052640282,0
CXCL13.3487.32.2,-0.052159827,0
IL15RA.3445.53.2,-0.051848665,0
CROT.13929.27.3,0.051847027,0
RTN4R.5105.2.3,0.05144951,0
CAPN2.14684.17.3,0.050809279,0
ARHGAP36.6289.78.3,-0.050245665,0
FAH.11424.4.3,-0.048863844,0
NEURL1.13604.27.3,0.04867453,0
CCPG1.8889.5.3,-0.048282237,0
TST.12663.1.3,-0.047937474,0
PQLC2L.7939.1.3,-0.047935357,0
PRC1.11591.43.3,-0.046864008,0
TPST2.8024.64.3,0.045971118,0
ELL2.11494.4.3,0.044744571,0
HMGCS1.13496.19.3,-0.043590925,0
PLBD1.6315.58.3,0.042958168,0
IL12RB2.3815.14.1,-0.042738126,0
DEFB116.11144.10.3,-0.042696699,0
MFNG.5605.77.3,0.04225229,0
EPHA5.3806.55.1,0.041918719,0
PPP1R3B.12768.3.3,0.041665267,0
CDKN3.14178.18.3,-0.041583399,0
GDF11.MSTN.2765.4.3,-0.041083546,0
FASLG.3052.8.2,-0.040861456,0
QSOX1.6070.11.3,-0.040000559,0
CAPN3.12385.4.3,-0.039860925,0
LEPR.5400.52.3,0.039610581,0
PLOD2.6923.1.3,-0.039539346,0
PSMA1.3859.50.2,-0.038945426,0
POR.2731.29.2,-0.038787955,0
TPST1.7928.183.3,0.038612911,0
KIR3DS1.5097.14.3,-0.038409829,0
CFAP45.6553.68.3,-0.037473494,0
PSMB5.12580.7.3,-0.037058488,0
GLTPD2.7948.129.3,0.036993098,0
TNFAIP6.5036.50.1,-0.036362989,0
CXCL12.3516.60.2,-0.035141243,0
SEC22A.13713.164.3,-0.034530997,0
RHOD.12442.4.3,-0.034502527,0
APOE.5312.49.3,0.032970994,0
SPOCK3.9906.21.3,0.032289958,0
LHB.8376.25.4,0.032209685,0
MAPKAPK3.3822.54.2,0.031637788,0
IGF1.2952.75.2,-0.031477606,0
VAPB.7181.17.3,-0.031093639,0
CXCL10.4141.79.1,0.030932124,0
PHF3.11544.39.3,-0.030839171,0
FCER2.3291.30.2,-0.030815887,0
GFRAL.6920.1.3,0.030140805,0
CD86.5337.64.3,-0.029386763,0
UBE2J1.6900.30.3,-0.029368161,0
FBXO3.14628.72.3,-0.02875696,0
HMGCS2.13704.5.3,-0.02871657,0
TXNDC5.11212.7.3,0.028626824,0
SLC5A5.12826.5.3,-0.028268053,0
ACLY.12700.9.3,0.028203296,0
ATP2A3.13510.7.3,-0.028028256,0
LOXL2.6504.65.3,-0.027869614,0
MRC1.2637.77.2,0.027489986,0
HFE2.3332.57.1,-0.027318736,0
FGR.3810.50.2,-0.027282988,0
ACAN.3280.49.2,-0.026888077,0
THBS3.8982.65.3,0.026667693,0
CRYGD.12366.16.3,0.026518359,0
EFNA2.14124.6.3,-0.026417232,0
PTPRJ.8250.2.3,-0.02632628,0
INSIG1.10663.42.3,-0.026091354,0
CNTNAP2.6965.19.3,0.02515926,0
SLC5A8.13691.10.3,0.025070195,0
LDLR.13129.40.3,-0.025040774,0
MFAP2.9294.45.3,0.024904665,0
LGALS8.4909.68.1,-0.024625444,0
PTPRH.11988.24.3,-0.024107354,0
DIABLO.3122.6.2,0.023409914,0
DCN.2666.53.2,0.023295957,0
DNER.9769.48.3,0.023108139,0
ADAMTS13.3175.51.5,-0.022804549,0
IFNA5.6210.100.3,0.02228908,0
ERBB2.2616.23.18,-0.022269437,0
HMGB2.6913.189.3,0.022030687,0
C17orf67.9070.1.3,0.021826534,0
WFIKKN2.3235.50.2,-0.021786048,0
NR1H2.9016.12.3,-0.02154938,0
ST3GAL1.5657.28.3,0.02153126,0
NPPB.7655.11.3,0.021262938,0
BPI.4126.22.1,-0.020861425,0
XDH.11264.33.3,-0.020615421,0
THSD7A.11174.8.3,0.020223717,0
COPS2.14029.42.3,-0.020050928,0
MASP1.3605.77.4,-0.019724341,0
SPOP.13727.44.3,-0.019480001,0
SVEP1.11178.21.3,0.019253904,0
DEFB112.5689.1.3,-0.0186989,0
MAPKAPK5.3821.28.1,-0.018669731,0
ARPP21.12860.7.3,-0.018643261,0
CTRB1.5671.1.3,0.018396215,0
MMP2.4160.49.1,0.018023235,0
PGRMC1.7863.50.3,-0.017348486,0
ANKRD27.12445.50.3,0.017145106,0
GPLD1.11939.11.3,-0.017057291,0
PRSS2.5034.79.1,0.016735795,0
ZP4.7766.25.3,-0.016707911,0
DSC3.4981.6.1,0.016481638,0
TMEM52.11186.12.3,-0.01619036,0
NCR3LG1.7854.38.3,-0.015783566,0
RNF128.6510.56.3,0.015749554,0
CAST.3026.5.2,0.015355623,0
UQCRB.12957.62.3,-0.014743735,0
NDUFB11.7747.47.3,-0.014651528,0
NAALAD2.7986.98.3,-0.014650207,0
IL23R.5088.175.3,-0.014288538,0
ANP32A.13073.14.3,0.01280924,0
NMRAL1.13988.67.3,-0.012460682,0
FAM107B.7801.30.3,-0.012366174,0
EFNB3.7785.1.3,-0.012088659,0
TMEM132D.13416.8.3,-0.012016304,0
KLK5.14039.33.3,-0.011640046,0
RELL1.13399.33.3,0.010741586,0
FCRL4.8973.23.3,-0.010624709,0
PLA2G12B.9380.2.3,0.010537273,0
FOLH1.5478.50.2,-0.010376205,0
CD177.13116.25.3,-0.009924098,0
IGFL4.6353.60.3,0.009743798,0
AMY1A.7918.114.3,0.009470931,0
GLO1.9883.29.3,-0.009404302,0
CGB2.6213.10.3,0.008640951,0
CTSS.3181.50.2,-0.008401346,0
SMR3B.8595.75.3,0.007205011,0
G0S2.8931.124.3,-0.006979407,0
HTN1.10608.9.3,-0.006913959,0
GRID2.12758.47.3,0.006703512,0
RPN1.6458.6.3,-0.006496452,0
CLEC4D.7752.31.3,0.006425612,0
UBXN4.9970.7.3,-0.005164011,0
BST1.4535.50.2,-0.005098188,0
ENTHD2.7947.19.3,0.00473941,0
SEMA3A.3222.11.2,-0.004331745,0
NELL1.6544.33.3,0.00392243,0
IL10.2773.50.2,0.003763227,0
DNAJC10.8297.8.3,0.003497852,0
USP25.9215.117.3,-0.003175927,0
CD274.5060.62.3,0.000553091,0
CXCL1.2985.35.1,0.000443615,0
IDO1.9759.13.3,0.000208675,0
CREB3L4.11308.8.3,0.000181208,0
SCGB1C1.5960.49.3,0.000105444,0
IL18BP.3073.51.2,9.40E-05,0
gender,0,0
CRYBB2.10000.28.3,0,0
ELK1.10006.25.3,0,0
GUCA1A.10008.43.3,0,0
OCRL.10011.65.3,0,0
KIAA0319.10013.34.3,0,0
SNAI2.10014.31.3,0,0
KCNAB2.10015.119.3,0,0
SUSD2.10021.1.3,0,0
POLH.10022.207.3,0,0
HOGA1.10024.44.3,0,0
MUTYH.10030.8.3,0,0
FRK.10034.16.3,0,0
DUSP4.10035.6.3,0,0
ZHX3.10036.201.3,0,0
SIGLEC12.10037.98.3,0,0
TP63.10040.63.3,0,0
HNF4A.10041.3.3,0,0
CUL3.10045.47.3,0,0
NCF2.10047.12.3,0,0
CBFB.10048.7.3,0,0
GAN.10054.3.3,0,0
RAD23A.10058.1.3,0,0
FANCL.10063.10.3,0,0
TDP1.10073.22.3,0,0
ACBD6.10075.75.3,0,0
AP4M1.10076.1.3,0,0
BAG3.10078.5.3,0,0
EIF2B1.10080.9.3,0,0
SATB2.10081.17.3,0,0
STAR.10085.25.3,0,0
CBS.10086.39.3,0,0
CRYAA.10087.10.3,0,0
ASMTL.10089.7.3,0,0
ENO2.10339.48.3,0,0
STAT3.10346.5.3,0,0
JUN.10356.21.3,0,0
OAS1.10361.25.3,0,0
MYC.10362.35.3,0,0
SMAD2.10364.6.3,0,0
IL12B.IL23A.10365.132.3,0,0
PDGFRA.10366.11.3,0,0
IL12A.IL12B.10367.62.3,0,0
STAT1.10370.21.3,0,0
STAT6.10372.18.3,0,0
MT1F.10416.79.3,0,0
SCARA5.10419.1.3,0,0
NPDC1.10424.31.3,0,0
B4GALT5.10425.3.3,0,0
CSF2RA.10438.19.3,0,0
CLMP.10440.26.3,0,0
TMEM190.10442.1.3,0,0
APOM.10445.20.3,0,0
PABPC3.10447.18.3,0,0
SYT3.10452.24.3,0,0
IL31.10455.196.3,0,0
CLEC14A.10461.57.3,0,0
LRRN3.10471.25.3,0,0
RPN1.10490.3.3,0,0
M6PR.10491.21.3,0,0
CALCA.10494.48.3,0,0
COX8A.10497.242.3,0,0
PRH1.10502.15.3,0,0
FAM159B.10504.6.3,0,0
PGRMC2.10506.53.3,0,0
CSF2RB.10512.13.3,0,0
KCNIP3.10513.13.3,0,0
ITM2A.10516.53.3,0,0
IGSF9.10518.14.3,0,0
PCDHB4.10522.167.3,0,0
DHX9.10527.22.3,0,0
ZNF358.10529.19.3,0,0
PCDHA4.10533.1.3,0,0
PARP1.10534.40.3,0,0
LAT.10551.7.3,0,0
TEX29.10557.6.3,0,0
PCDH9.10558.26.3,0,0
ITM2C.10560.1.3,0,0
NETO2.10562.42.3,0,0
LYSMD3.10563.13.3,0,0
SLITRK3.10565.19.3,0,0
CST8.10572.65.3,0,0
PUF60.10575.31.3,0,0
NDUFS4.10584.7.3,0,0
APMAP.10605.22.3,0,0
DEFB134.10610.8.3,0,0
PLOD3.10612.18.3,0,0
CASC4.10613.33.3,0,0
MSMB.10620.21.3,0,0
PRR16.10621.26.3,0,0
APLP2.10627.87.3,0,0
HTATIP2.10630.5.3,0,0
KIAA1324.10637.50.3,0,0
HLA.DMA.10639.1.3,0,0
TOR1AIP2.10640.9.3,0,0
RCN2.10645.72.3,0,0
ASCC1.10647.18.3,0,0
SEC11C.10658.28.3,0,0
MUC4.10659.49.3,0,0
SLC35B3.10660.33.3,0,0
TMEM41B.10661.4.3,0,0
HBG1.10665.30.3,0,0
GNPTG.10666.7.3,0,0
C1orf185.10667.78.3,0,0
CALY.10671.67.3,0,0
NDUFB4.10677.9.3,0,0
DYNAP.10692.48.3,0,0
LRP1.10699.52.3,0,0
CDH12.10701.30.3,0,0
COL28A1.10702.1.3,0,0
LRMP.10704.91.3,0,0
ST6GALNAC3.10705.14.3,0,0
CD300LB.10713.151.3,0,0
PSMD5.10716.35.3,0,0
WDR1.10723.41.3,0,0
PCDHB2.10748.216.3,0,0
GRIA4.10760.107.3,0,0
TMED2.10761.5.3,0,0
CSGALNACT2.10772.21.3,0,0
CD300E.10798.4.3,0,0
LINGO3.10827.67.3,0,0
EFCAB14.10830.5.3,0,0
GCNT4.10842.7.3,0,0
HNRNPDL.10852.114.3,0,0
FAM163B.10880.38.3,0,0
C6orf89.10885.36.3,0,0
GALNT7.10888.4.3,0,0
MRAP2.10889.2.3,0,0
LCTL.10890.135.3,0,0
OSMR.10892.8.3,0,0
TMPRSS11B.10895.28.3,0,0
STMN2.10900.272.3,0,0
STX8.10903.50.3,0,0
CEACAM4.10910.6.3,0,0
CHIC2.10914.4.3,0,0
PLA2R1.10916.44.3,0,0
GNGT2.10917.40.3,0,0
CALN1.10933.107.3,0,0
CD58.10938.13.3,0,0
WBP1.10943.36.3,0,0
STX6.10945.11.3,0,0
PLD3.10948.14.3,0,0
CLEC2A.10953.14.3,0,0
CLEC10A.10955.4.3,0,0
BET1L.10959.125.3,0,0
RARRES3.10961.15.3,0,0
DEFB105A.10962.46.3,0,0
UCMA.10977.55.3,0,0
LRRK2.10990.21.3,0,0
BGLAP.11067.13.3,0,0
IL5.11071.1.3,0,0
CLC.11094.104.3,0,0
N6AMT1.11096.57.3,0,0
PDXK.11098.1.3,0,0
TLR4.11101.18.3,0,0
REG4.11102.22.3,0,0
TENM3.11107.25.3,0,0
TMEM119.11110.4.3,0,0
TMEM167A.11112.18.3,0,0
SPATA20.11117.2.3,0,0
NAT14.11120.49.3,0,0
SPG21.11122.97.3,0,0
TMEM132C.11128.29.3,0,0
MTRF1L.11134.30.3,0,0
CSF2RB.11137.43.3,0,0
RUNX3.11138.16.3,0,0
TREML4.11139.4.3,0,0
COL1A1.11140.56.3,0,0
ANGPTL1.11142.11.3,0,0
TBX22.11146.4.3,0,0
TLR1.11149.3.3,0,0
NFE2L1.11154.3.3,0,0
COL6A5.11155.16.3,0,0
RNF122.11160.56.3,0,0
MTMR1.11167.6.3,0,0
MEGF10.11168.3.3,0,0
MILR1.11173.29.3,0,0
LPCAT2.11175.45.3,0,0
KRT5.11177.16.3,0,0
GCH1.11185.145.3,0,0
CLEC12A.11187.11.3,0,0
TINAGL1.11192.168.3,0,0
HNF1A.11193.27.3,0,0
COL6A3.11196.31.3,0,0
CREB3L1.11198.37.3,0,0
PUS1.11201.19.3,0,0
TBX5.11202.70.3,0,0
ITGB7.11205.10.3,0,0
MSR1.11207.3.3,0,0
TBCE.11211.7.3,0,0
DNAJB9.11214.40.3,0,0
CDH15.11215.6.3,0,0
PTPRH.11222.62.3,0,0
RIC3.11228.37.3,0,0
PCOLCE.11237.49.3,0,0
ASL.11241.8.3,0,0
ADGRF1.11243.90.3,0,0
NAGS.11247.20.3,0,0
UROS.11248.43.3,0,0
LRCH4.11252.30.3,0,0
PAPLN.11254.13.3,0,0
QDPR.11257.1.3,0,0
MADCAM1.11258.41.3,0,0
SUN5.11260.47.3,0,0
SELPLG.11266.8.3,0,0
CHCHD10.11270.17.3,0,0
GSTT2B.11273.176.3,0,0
LRP1B.11275.94.3,0,0
GRB7.11281.6.3,0,0
DCAF5.11283.13.3,0,0
LAIR1.11284.24.3,0,0
VIMP.11286.78.3,0,0
CYB5A.11287.14.3,0,0
CSNK1D.11289.31.3,0,0
MAN1A1.11291.73.3,0,0
SCARA3.11292.13.3,0,0
LRRN1.11293.14.3,0,0
SORT1.11300.32.3,0,0
TNR.11302.237.3,0,0
SAMHD1.11303.7.3,0,0
PMS2.11312.40.3,0,0
PCBD1.11313.100.3,0,0
MRE11A.11319.106.3,0,0
PXDNL.11324.3.3,0,0
CLK2.11327.56.3,0,0
USB1.11328.9.3,0,0
ARHGAP25.11333.82.3,0,0
LILRB3.11334.7.3,0,0
P4HA2.11348.132.3,0,0
NHEJ1.11351.233.3,0,0
TTN.11352.42.3,0,0
DGCR14.11356.19.3,0,0
RRM1.11360.39.3,0,0
MFN1.11364.18.3,0,0
TENM4.11365.17.3,0,0
INPP5E.11370.20.3,0,0
GPR101.11371.1.3,0,0
ZNF18.11372.2.3,0,0
FOXL2.11375.49.3,0,0
RBM24.11380.84.3,0,0
BLVRA.11382.5.3,0,0
KRT7.11383.41.3,0,0
KMT2C.11402.17.3,0,0
FBXL4.11416.23.3,0,0
EHD4.11421.10.3,0,0
RUFY1.11425.31.3,0,0
HNRNPC.11429.80.3,0,0
DTX1.11430.49.3,0,0
RECQL.11431.235.3,0,0
INA.11436.6.3,0,0
DNAJB2.11438.6.3,0,0
RHPN2.11439.88.3,0,0
SOCS3.11440.58.3,0,0
PYGL.11441.11.3,0,0
DNER.11442.1.3,0,0
EIF3G.11454.87.3,0,0
MAGEB10.11456.2.3,0,0
PCBP1.11458.30.3,0,0
ELL.11459.81.3,0,0
RBFOX2.11462.8.3,0,0
RELB.11464.9.3,0,0
GPR135.11465.4.3,0,0
RBM19.11468.15.3,0,0
VPS4A.11476.43.3,0,0
ALDH3A1.11480.1.3,0,0
ZNF174.11486.26.3,0,0
UBL4A.11490.42.3,0,0
APOL1.11510.31.3,0,0
CD38.11513.92.3,0,0
CD59.11514.196.3,0,0
FABP1.11516.7.3,0,0
HMBS.11530.37.3,0,0
LRIT3.11534.6.3,0,0
MYSM1.11536.9.3,0,0
MLYCD.11538.216.3,0,0
TMEM230.11542.11.3,0,0
CYGB.11546.7.3,0,0
ISL1.11549.6.3,0,0
HMG20B.11551.16.3,0,0
RNF165.11561.32.3,0,0
SYTL4.11563.51.3,0,0
ZNF23.11565.58.3,0,0
ZNF10.11567.23.3,0,0
BCAP29.11570.94.3,0,0
KLRC3.11571.75.3,0,0
SRSF6.11573.3.3,0,0
MGA.11587.5.3,0,0
RBM23.11590.5.3,0,0
ELAVL1.11592.1.3,0,0
CXCL9.11593.21.3,0,0
ZNF75D.11596.47.3,0,0
DHX8.11601.26.3,0,0
BRD1.11607.15.3,0,0
ERH.11614.29.3,0,0
ITGAL.11617.1.3,0,0
UBE2V1.11626.7.3,0,0
AHSA1.11633.89.3,0,0
RGS10.11634.32.3,0,0
DTX3L.11643.73.3,0,0
P4HA1.11645.9.3,0,0
CHST9.11646.4.3,0,0
SMAP1.11649.3.3,0,0
SLC6A9.11653.69.3,0,0
NRSN1.11654.77.3,0,0
EVL.11656.110.3,0,0
SOCS7.11657.86.3,0,0
CLINT1.11659.31.3,0,0
NLRP1.11661.11.3,0,0
ARFGAP2.11664.32.3,0,0
RGS8.11666.72.3,0,0
TNS2.11667.29.3,0,0
SLCO5A1.11669.39.3,0,0
BRPF1.11671.19.3,0,0
KIF16B.11672.17.3,0,0
ZDHHC14.11677.17.3,0,0
AGFG1.11681.8.3,0,0
TXNIP.11682.7.3,0,0
GGA3.11683.19.3,0,0
ANAPC7.11690.47.3,0,0
SHC4.11692.21.3,0,0
CRABP2.11696.7.3,0,0
PTP4A2.11699.16.3,0,0
LCN1.11708.2.3,0,0
POU2F1.11715.1.3,0,0
LRIT2.11716.28.3,0,0
CLPB.11860.3.3,0,0
MMRN2.11895.21.3,0,0
LRRC4B.11911.13.3,0,0
LRIT3.11919.84.3,0,0
RBM28.11927.3.3,0,0
IGDCC3.11952.1.3,0,0
ARHGAP1.11955.1.3,0,0
CRABP1.11967.23.3,0,0
S100A2.11969.5.3,0,0
EMC1.11989.35.3,0,0
ATP1A1.11993.227.3,0,0
TJP1.12001.7.3,0,0
CRB1.12012.33.3,0,0
PTS.12014.19.3,0,0
CBL.12016.60.3,0,0
TPK1.12018.84.3,0,0
BPGM.12020.39.3,0,0
SMAD4.12022.12.3,0,0
DES.12030.82.3,0,0
BUB1.12033.3.3,0,0
HSPA1L.12041.33.3,0,0
RPIA.12333.87.3,0,0
AARS.12340.17.3,0,0
DUSP6.12341.8.3,0,0
ACAP2.12343.14.3,0,0
ANAPC10.12345.4.3,0,0
CCM2.12347.29.3,0,0
SARS2.12348.46.3,0,0
ETS2.12350.86.3,0,0
ARRDC3.12352.70.3,0,0
MRRF.12355.223.3,0,0
SNAP29.12357.41.3,0,0
IGBP1.12358.6.3,0,0
TMEM57.12367.52.3,0,0
APOF.12370.30.3,0,0
TRA2B.12373.73.3,0,0
TAPBP.12378.71.3,0,0
CBR1.12381.26.3,0,0
DDX58.12382.2.3,0,0
PDLIM4.12387.7.3,0,0
ORC6L.12389.4.3,0,0
ARL1.12392.30.3,0,0
C16orf54.12394.53.3,0,0
PAX4.12398.15.3,0,0
UBE2T.12400.25.3,0,0
STAMBPL1.12401.3.3,0,0
RAB39B.12403.30.3,0,0
DIRAS3.12406.119.3,0,0
RAB22A.12408.333.3,0,0
RAB7B.12409.90.3,0,0
EDF1.12415.122.3,0,0
GPD1L.12420.10.3,0,0
ALOX15B.12422.143.3,0,0
A1CF.12423.38.3,0,0
THYN1.12424.107.3,0,0
ARF6.12425.104.3,0,0
MOB1A.12426.19.3,0,0
CDC25B.12427.8.3,0,0
LYPLAL1.12428.2.3,0,0
PAIP1.12430.78.3,0,0
CACYBP.12432.23.3,0,0
ARL11.12433.8.3,0,0
IST1.12434.25.3,0,0
GSTO1.12436.84.3,0,0
ULK3.12437.18.3,0,0
MPG.12438.127.3,0,0
IRF9.12439.67.3,0,0
NR5A2.12444.39.3,0,0
PPIH.12449.16.3,0,0
PMVK.12450.42.3,0,0
BACH1.12451.62.3,0,0
SUV420H2.12452.32.3,0,0
NXF1.12453.161.3,0,0
NTMT1.12454.105.3,0,0
CHP1.12458.79.3,0,0
PLEKHA1.12459.13.3,0,0
SIRT5.12461.8.3,0,0
SETMAR.12462.20.3,0,0
KLHL13.12463.7.3,0,0
STAU1.12471.47.3,0,0
KCTD5.12473.48.3,0,0
TIGAR.12476.50.3,0,0
TSN.12477.42.3,0,0
RPL30.12478.15.3,0,0
PRKAR1B.12479.50.3,0,0
RORB.12483.62.3,0,0
PITPNB.12484.67.3,0,0
GLRX2.12486.8.3,0,0
MCTS1.12488.9.3,0,0
LAMTOR3.12490.92.3,0,0
OTUB2.12493.42.3,0,0
GABARAPL2.12494.99.3,0,0
NUDT16L1.12497.29.3,0,0
TAX1BP3.12498.12.3,0,0
LMOD1.12504.26.3,0,0
VPS24.12508.9.3,0,0
COMMD1.12509.115.3,0,0
STAP1.12510.3.3,0,0
SLC41A2.12511.83.3,0,0
GLTP.12513.8.3,0,0
METTL1.12514.16.3,0,0
UCK2.12515.45.3,0,0
TEAD4.12516.13.3,0,0
PDCD5.12517.52.3,0,0
RAD23B.12522.6.3,0,0
SAT2.12524.18.3,0,0
THRA.12527.50.3,0,0
FKBP6.12529.32.3,0,0
ERVV.1.12531.5.3,0,0
CYTH2.12533.135.3,0,0
CALCOCO2.12534.10.3,0,0
XRCC1.12535.2.3,0,0
PURA.12537.88.3,0,0
RHOG.12540.25.3,0,0
HPGDS.12549.33.3,0,0
VRK1.12553.5.3,0,0
RAD51L3.12554.10.3,0,0
NOVA1.12557.18.3,0,0
NT5C.12560.9.3,0,0
ARL3.12571.14.3,0,0
EDN2.12574.36.3,0,0
MAGEA3.12576.21.3,0,0
FEN1.12577.100.3,0,0
ARF3.12578.13.3,0,0
ERCC1.12585.39.3,0,0
PRB4.12590.67.3,0,0
OPHN1.12591.27.3,0,0
PDRG1.12593.33.3,0,0
GCA.12594.5.3,0,0
TMOD1.12595.11.3,0,0
PABPC4.12603.87.3,0,0
SCMH1.12604.16.3,0,0
EXOSC3.12605.1.3,0,0
NRBP1.12616.45.3,0,0
AKR1C1.12618.50.3,0,0
PPM1A.12619.14.3,0,0
PPP2R1A.12621.55.3,0,0
ASH1L.12622.96.3,0,0
SENP7.12626.6.3,0,0
ATG7.12627.97.3,0,0
NAT1.12632.14.3,0,0
PTPN9.12633.3.3,0,0
BCAR3.12634.79.3,0,0
SMYD2.12636.113.3,0,0
ARRB1.12643.4.3,0,0
ADSS.12644.63.3,0,0
RPE.12646.2.3,0,0
SETD2.12647.52.3,0,0
GNAI3.12650.43.3,0,0
PDK2.12651.21.3,0,0
CSNK1G2.12653.13.3,0,0
NAPB.12655.30.3,0,0
TSTA3.12657.2.3,0,0
PANK3.12658.72.3,0,0
OLA1.12659.13.3,0,0
GABARAPL1.12661.44.3,0,0
GDA.12667.2.3,0,0
VPS4B.12668.7.3,0,0
HECW1.12669.30.3,0,0
RAD1.12670.15.3,0,0
SNRPA.12678.66.3,0,0
USP21.12681.63.3,0,0
CCBL2.12682.5.3,0,0
DPYSL5.12683.156.3,0,0
SCIN.12684.5.3,0,0
MPST.12686.15.3,0,0
RPS6KA6.12688.115.3,0,0
SEPT10.12690.33.3,0,0
DIMT1.12694.28.3,0,0
KLHL12.12695.62.3,0,0
PRMT3.12696.166.3,0,0
PIP4K2A.12697.30.3,0,0
KPNA4.12698.72.3,0,0
PELI2.12702.13.3,0,0
HERC1.12705.9.3,0,0
CDC42BPA.12706.2.3,0,0
DPYSL3.12707.26.3,0,0
H1FX.12709.63.3,0,0
GJA8.12711.19.3,0,0
HMG20A.12712.9.3,0,0
RGS19.12713.365.3,0,0
ZNF175.12716.3.3,0,0
TOX3.12717.65.3,0,0
PIN4.12718.43.3,0,0
UBQLN4.12720.71.3,0,0
TAX1BP1.12721.4.3,0,0
CIRBP.12724.81.3,0,0
RFXAP.12726.3.3,0,0
PTGFRN.12727.7.3,0,0
PSMG3.12729.12.3,0,0
NDC80.12730.3.3,0,0
PLEKHA7.12731.12.3,0,0
MPP7.12732.13.3,0,0
CSDE1.12735.39.3,0,0
PLS1.12737.12.3,0,0
NISCH.12738.43.3,0,0
TMEM8B.12742.160.3,0,0
CYTH4.12746.4.3,0,0
RBM3.12747.89.3,0,0
BRDT.12748.6.3,0,0
APBB2.12753.6.3,0,0
CSDC2.12754.14.3,0,0
BACH2.12756.3.3,0,0
ILF3.12759.47.3,0,0
ZNF774.12760.34.3,0,0
APBB2.12761.12.3,0,0
ZNF334.12763.69.3,0,0
ELMO1.12764.3.3,0,0
ZNF180.12771.19.3,0,0
HMGB3.12775.6.3,0,0
SF1.12777.11.3,0,0
PRDM4.12779.30.3,0,0
HNRNPM.12783.29.3,0,0
ZBTB33.12785.49.3,0,0
GPCPD1.12786.61.3,0,0
ZNF134.12787.47.3,0,0
CCDC101.12788.6.3,0,0
CCDC51.12790.10.3,0,0
PIWIL1.12793.4.3,0,0
NLRP4.12794.6.3,0,0
ZNF566.12795.2.3,0,0
SLC4A8.12798.46.3,0,0
DNAJC27.12799.65.3,0,0
TPPP2.12800.5.3,0,0
IRF2.12801.33.3,0,0
ZNF329.12803.9.3,0,0
GMEB2.12804.5.3,0,0
ARHGAP30.12807.89.3,0,0
CARHSP1.12808.103.3,0,0
ZNF415.12811.55.3,0,0
ACYP2.12812.25.3,0,0
EHBP1.12813.18.3,0,0
RNPC3.12814.17.3,0,0
IARS.12815.9.3,0,0
GEM.12817.1.3,0,0
SLC14A2.12818.159.3,0,0
GRAP.12820.1.3,0,0
NLRP10.12821.6.3,0,0
APBB1.12822.34.3,0,0
APPL1.12825.18.3,0,0
RGS3.12827.37.3,0,0
SAP18.12830.4.3,0,0
TESC.12831.21.3,0,0
ASH2L.12832.10.3,0,0
KCNF1.12834.3.3,0,0
DUSP15.12838.28.3,0,0
STX10.12842.43.3,0,0
ZNF410.12843.6.3,0,0
BAG4.12844.10.3,0,0
SNX17.12845.18.3,0,0
FBXL5.12846.3.3,0,0
RNGTT.12847.27.3,0,0
ARHGEF2.12848.9.3,0,0
GSKIP.12849.25.3,0,0
POLM.12851.5.3,0,0
TEAD3.12854.3.3,0,0
CASS4.12855.16.3,0,0
TMEM237.12856.14.3,0,0
NIPAL4.12864.9.3,0,0
DYNLT3.12867.40.3,0,0
TWF1.12871.10.3,0,0
UBTD2.12875.28.3,0,0
OSBPL11.12878.60.3,0,0
RBL1.12879.5.3,0,0
SV2A.12880.1.3,0,0
RDH16.12881.17.3,0,0
PARP11.12882.7.3,0,0
NR1D2.12885.42.3,0,0
SAP30.12888.18.3,0,0
MICALL2.12891.1.3,0,0
SYTL1.12892.10.3,0,0
IFI16.12893.159.3,0,0
PAXIP1.12894.3.3,0,0
DGKB.12895.28.3,0,0
ACACB.12900.29.3,0,0
CUBN.12904.180.3,0,0
FLNA.12906.137.3,0,0
KRT17.12923.51.3,0,0
AXIN2.12925.105.3,0,0
NR3C2.12931.16.3,0,0
HERC5.12934.1.3,0,0
RLBP1.12936.38.3,0,0
POLR1C.12939.1.3,0,0
ALDH3B1.12940.35.3,0,0
TMEM40.12941.24.3,0,0
PPARA.12954.71.3,0,0
GCK.12960.9.3,0,0
GPR107.12963.1.3,0,0
CSRP2.12968.2.3,0,0
STAU2.12970.35.3,0,0
KRT20.12975.11.3,0,0
SORBS3.12976.49.3,0,0
SRSF7.12987.12.3,0,0
EWSR1.12988.49.3,0,0
MAP3K3.12990.39.3,0,0
CUL9.12991.49.3,0,0
NPLOC4.12993.21.3,0,0
LCN10.13007.66.3,0,0
PARK2.13013.41.3,0,0
EMID1.13021.12.3,0,0
TP53I11.13022.20.3,0,0
ASPRV1.13023.8.3,0,0
CBX7.13027.20.3,0,0
EVI2B.13028.2.3,0,0
BECN1.13032.1.3,0,0
TRAF4.13041.47.3,0,0
KCNA10.13042.7.3,0,0
ATAD2.13043.157.3,0,0
TSG101.13044.5.3,0,0
SLC6A14.13053.6.3,0,0
PSD.13055.53.3,0,0
SLC6A16.13056.18.3,0,0
RFK.13059.33.3,0,0
EDC4.13066.42.3,0,0
PRKG1.13067.5.3,0,0
FXR1.13076.4.3,0,0
CETN2.13078.3.3,0,0
VARS.13083.18.3,0,0
GLP1R.13085.18.3,0,0
HIF1A.13089.6.3,0,0
S100A6.13090.17.3,0,0
RSPO3.13094.75.3,0,0
BCL2L2.13097.11.3,0,0
FIGF.13098.93.3,0,0
FAM3D.13102.1.3,0,0
CSH1.CSH2.13103.125.3,0,0
EFNB1.13104.32.3,0,0
SNAP25.13105.7.3,0,0
LYPD3.13107.9.3,0,0
NEGR1.13109.82.3,0,0
FSTL1.13112.179.3,0,0
SMOC1.13118.5.3,0,0
SERPINA10.13119.26.3,0,0
FLRT2.13122.19.3,0,0
FLRT3.13123.3.3,0,0
VTN.13125.45.3,0,0
DSC2.13126.52.3,0,0
HK2.13130.150.3,0,0
HK1.13131.5.3,0,0
SEMA5A.13132.14.3,0,0
LTBP4.13133.73.3,0,0
NoneX.13230.174.3,0,0
NoneX.13231.90.3,0,0
DEFB113.13374.4.3,0,0
C5orf63.13378.80.3,0,0
B4GALT1.13381.49.3,0,0
RNF34.13386.248.3,0,0
EHF.13387.55.3,0,0
PCSK1.13388.57.3,0,0
GAL.13389.8.3,0,0
DERL1.13393.46.3,0,0
SPINK2.13405.61.3,0,0
NSG2.13409.9.3,0,0
TMEM167B.13421.17.3,0,0
ENOX2.13422.66.3,0,0
FAM213A.13423.94.3,0,0
AIFM1.13424.51.3,0,0
WFDC10A.13429.3.3,0,0
SLC14A1.13430.50.3,0,0
PARVA.13434.172.3,0,0
MAZ.13436.54.3,0,0
CHRD.13438.115.3,0,0
SF3B4.13449.25.3,0,0
USP8.13450.49.3,0,0
FNDC4.13451.2.3,0,0
MRPL33.13453.2.3,0,0
DEFB119.13455.10.3,0,0
ELF5.13457.33.3,0,0
NRAC.13464.8.3,0,0
RCAN1.13465.5.3,0,0
NEURL4.13468.5.3,0,0
PTH1R.13470.43.3,0,0
HDHD2.13472.35.3,0,0
ITPKA.13473.55.3,0,0
GSTK1.13474.40.3,0,0
UBE2D4.13475.10.3,0,0
KIN.13476.16.3,0,0
CNOT1.13482.14.3,0,0
TMEM87B.13485.20.3,0,0
UNC93B1.13487.24.3,0,0
ARFIP1.13488.3.3,0,0
MPP6.13490.1.3,0,0
PDE6D.13491.40.3,0,0
CERS5.13494.6.3,0,0
HCAR2.13495.48.3,0,0
EIF3J.13497.34.3,0,0
TEX29.13500.9.3,0,0
SLC35G2.13501.10.3,0,0
SLC26A11.13502.2.3,0,0
SCAMP5.13509.5.3,0,0
SATB1.13511.29.3,0,0
RAB35.13514.121.3,0,0
RPRD1A.13515.8.3,0,0
EMC4.13516.46.3,0,0
ASAP2.13518.5.3,0,0
ARHGEF25.13519.112.3,0,0
HS6ST2.13524.25.3,0,0
KCNG4.13525.17.3,0,0
SSB.13526.5.3,0,0
NAP1L2.13529.39.3,0,0
UTS2R.13530.5.3,0,0
CNEP1R1.13532.25.3,0,0
MYOM2.13534.20.3,0,0
POLI.13536.56.3,0,0
KCNN1.13539.131.3,0,0
GPR26.13540.1.3,0,0
MYCT1.13541.1.3,0,0
EIF1AD.13545.97.3,0,0
PPAPDC1A.13548.53.3,0,0
ADAM29.13549.15.3,0,0
SWAP70.13552.7.3,0,0
DCUN1D3.13553.4.3,0,0
REPIN1.13554.78.3,0,0
PVRL3.13557.3.3,0,0
SSU72.13566.2.3,0,0
PSMD4.13568.30.3,0,0
HDLBP.13570.43.3,0,0
PSMD11.13572.43.3,0,0
ARPC3.13573.5.3,0,0
DVL2.13575.40.3,0,0
U2AF2.13577.25.3,0,0
ABLIM3.13578.98.3,0,0
UAP1.13580.2.3,0,0
APAF1.13583.19.3,0,0
RACGAP1.13587.10.3,0,0
ANXA9.13588.11.3,0,0
APBB3.13589.10.3,0,0
REXO2.13590.1.3,0,0
PRIM1.13591.31.3,0,0
GGA1.13594.158.3,0,0
RAB27B.13596.3.3,0,0
RABEPK.13599.15.3,0,0
NHP2L1.13602.6.3,0,0
RFESD.13603.7.3,0,0
ANXA10.13605.16.3,0,0
GTF2I.13609.11.3,0,0
MAGEA10.13610.9.3,0,0
CYTIP.13612.7.3,0,0
CREBBP.13614.6.3,0,0
MAD1L1.13618.15.3,0,0
ASNA1.13620.10.3,0,0
MLL2.13623.4.3,0,0
NADK.13624.17.3,0,0
SSB.13625.19.3,0,0
GRB14.13628.58.3,0,0
RBBP5.13631.1.3,0,0
PIR.13634.209.3,0,0
IFIT3.13642.90.3,0,0
HGS.13644.30.3,0,0
DHX38.13645.14.3,0,0
KCNIP1.13650.11.3,0,0
ZFP91.13651.54.3,0,0
MACROD1.13653.335.3,0,0
ROCK2.13654.1.3,0,0
NCL.13655.34.3,0,0
PNKP.13657.2.3,0,0
PPP2R3A.13665.35.3,0,0
CA10.13666.222.3,0,0
FGFR3.13669.6.3,0,0
HSPA6.13672.3.3,0,0
NAB2.13680.3.3,0,0
CAPSL.13688.2.3,0,0
ODC1.13689.2.3,0,0
WISP1.13692.154.3,0,0
CRLF2.13694.24.3,0,0
KIAA0319L.13698.28.3,0,0
ANXA2.13700.10.3,0,0
CLTC.13711.10.3,0,0
PAK4.13719.19.3,0,0
ERP29.13728.19.3,0,0
RAP1GAP.13735.1.3,0,0
FRZB.13740.51.3,0,0
CUL4B.13743.56.3,0,0
IL3RA.13744.37.3,0,0
PKD2.13745.10.3,0,0
RMI1.13926.1.3,0,0
APOBEC3G.13930.3.3,0,0
ARHGEF7.13932.45.3,0,0
NAB1.13933.276.3,0,0
MCF2L.13934.3.3,0,0
PGK2.13936.24.3,0,0
CAND1.13937.75.3,0,0
UGP2.13939.14.3,0,0
FARS2.13941.82.3,0,0
SPSB1.13942.140.3,0,0
DPY30.13943.38.3,0,0
NUDT12.13947.371.3,0,0
GABBR2.13948.50.3,0,0
GNPNAT1.13954.9.3,0,0
TOLLIP.13963.7.3,0,0
TXNRD1.13967.14.3,0,0
HSD17B14.13972.4.3,0,0
TTL.13973.62.3,0,0
ARHGEF1.13976.9.3,0,0
BARD1.13977.28.3,0,0
TBX3.13978.122.3,0,0
RGS18.13982.33.3,0,0
DDX25.13984.23.3,0,0
PC.13990.1.3,0,0
EIF4G3.13991.47.3,0,0
NSF.13992.12.3,0,0
PPCDC.13996.16.3,0,0
ADSSL1.13998.26.3,0,0
DOCK9.14002.18.3,0,0
CHD7.14005.2.3,0,0
GNMT.14006.36.3,0,0
PAPSS1.14007.22.3,0,0
DCP1A.14008.22.3,0,0
TNFAIP3.14009.65.3,0,0
S100A11.14011.17.3,0,0
DHX58.14012.17.3,0,0
EVPL.14019.73.3,0,0
MED4.14021.81.3,0,0
EDA.14024.196.3,0,0
PIK3C2A.14028.22.3,0,0
TACSTD2.14034.22.3,0,0
MPDZ.14036.116.3,0,0
RANBP3.14037.18.3,0,0
EEA1.14043.12.3,0,0
NCOA2.14045.12.3,0,0
IL1RAP.14048.7.3,0,0
FOXC2.14051.54.3,0,0
UNC13A.14052.26.3,0,0
CGA.14056.4.3,0,0
OSM.14063.17.3,0,0
CD5.14065.11.3,0,0
ITSN1.14070.56.3,0,0
SHC2.14074.2.3,0,0
IL18R1.14079.14.3,0,0
TLN2.14082.56.3,0,0
SEPHS1.14083.25.3,0,0
ICOS.14084.191.3,0,0
IGFBP6.14088.38.3,0,0
CBR3.14091.42.3,0,0
FLT3LG.14093.10.3,0,0
HBEGF.14094.29.3,0,0
KLRK1.14095.1.3,0,0
CARS.14098.28.3,0,0
PSMA4.14099.20.3,0,0
C1QC.14100.63.3,0,0
CNTFR.14101.2.3,0,0
RAP1GDS1.14106.46.3,0,0
MTHFS.14107.1.3,0,0
RELT.14112.40.3,0,0
ADM.14115.34.3,0,0
S100A4.14116.129.3,0,0
RNF43.14120.2.3,0,0
TNFRSF10D.14121.24.3,0,0
ZNRF3.14122.132.3,0,0
IFNA10.14128.121.3,0,0
IFNA7.14129.1.3,0,0
EFNB2.14131.37.3,0,0
HHLA2.14132.21.3,0,0
IL1R2.14133.93.3,0,0
RXFP1.14135.3.3,0,0
NRG4.14139.16.3,0,0
HIST3H2A.14144.3.3,0,0
IL36B.14149.9.3,0,0
EFNA3.14153.8.3,0,0
YWHAE.14157.21.3,0,0
SCP2D1.14175.78.3,0,0
RFFL.14186.13.3,0,0
PDCL2.14192.31.3,0,0
PRDM1.14197.2.3,0,0
FOXJ2.14204.55.3,0,0
APBB1.14206.28.3,0,0
RBP7.14208.3.3,0,0
PCDH15.14228.1.3,0,0
MOCS3.14229.5.3,0,0
SNX7.14245.195.3,0,0
DOK2.14246.50.3,0,0
MID2.14249.68.3,0,0
PTPN4.14254.27.3,0,0
NET1.14260.112.3,0,0
SRXN1.14268.4.3,0,0
RAB14.14283.12.3,0,0
CLECL1.14308.192.3,0,0
PPIL2.14314.6.3,0,0
VPS29.14318.1.3,0,0
SMC3.14324.52.3,0,0
RCVRN.14334.3.3,0,0
MSTN.14583.49.3,0,0
GDF11.14587.16.3,0,0
SEMA6C.14597.5.3,0,0
STAB1.14599.18.3,0,0
KIAA0040.14603.51.3,0,0
NCMAP.14614.41.3,0,0
KRTAP2.4.14615.46.3,0,0
ZNF382.14616.16.3,0,0
CNTNAP1.14617.7.3,0,0
SUMO3.14623.26.3,0,0
CTCF.14624.51.3,0,0
DUSP16.14631.22.3,0,0
HRSP12.14636.25.3,0,0
GSTA4.14645.253.3,0,0
DNAJC17.14655.1.3,0,0
MZF1.14662.6.3,0,0
RNF8.14663.44.3,0,0
SKIL.14670.1.3,0,0
EIF4B.14675.20.3,0,0
AKT2.14685.17.3,0,0
PTPN7.14688.6.3,0,0
ZNF276.14692.3.3,0,0
FIGF.14705.1.3,0,0
ARHGAP5.14748.31.3,0,0
CCL27.2192.63.10,0,0
COL18A1.2201.17.6,0,0
PROK1.2247.20.11,0,0
TGFB1.2333.72.1,0,0
BDNF.2421.7.3,0,0
C8A.C8B.C8G.2429.27.4,0,0
CTSG.2431.17.3,0,0
CXCL16.2436.49.4,0,0
FGF10.2441.2.4,0,0
FGF8.2443.10.4,0,0
PLA2G2E.2447.7.4,0,0
PLA2G5.2449.1.4,0,0
CCL20.2468.62.3,0,0
APCS.2474.54.5,0,0
ANGPT4.2500.2.3,0,0
GFRA3.2505.49.3,0,0
EFNB3.2514.65.3,0,0
GFRA2.2515.14.3,0,0
HMGB1.2524.56.3,0,0
POMC.2558.51.3,0,0
CFI.2567.5.6,0,0
IGFBP3.2571.12.3,0,0
MMP9.2579.17.5,0,0
MPO.2580.83.2,0,0
ROR1.2590.69.4,0,0
VEGFA.2597.8.3,0,0
TNFSF9.2599.51.2,0,0
TNFRSF8.2605.49.2,0,0
CRLF1.CLCF1.2607.54.2,0,0
TYRO3.2611.72.2,0,0
EIF5.2612.5.2,0,0
EFNA4.2614.28.2,0,0
EFNA5.2615.60.2,0,0
TACSTD2.2619.72.2,0,0
IL6ST.2620.4.2,0,0
HMOX2.2622.18.1,0,0
IL10RB.2631.50.2,0,0
IL12RB1.2632.5.2,0,0
IL13RA1.2633.52.2,0,0
IL2RG.2634.2.2,0,0
LAYN.2635.61.2,0,0
LTBR.2636.10.2,0,0
MST1R.2640.3.2,0,0
PAFAH1B2.2642.4.1,0,0
CDH3.2643.57.2,0,0
PRKCA.2644.11.2,0,0
PRKCZ.2645.54.1,0,0
ICAM3.2649.77.2,0,0
PLAUR.2652.15.1,0,0
TNFRSF1A.2654.19.1,0,0
HGF.2681.23.2,0,0
MIA.2687.2.1,0,0
OSM.2693.20.3,0,0
PECAM1.2695.25.1,0,0
PSPN.2696.87.2,0,0
TNFRSF13B.2704.74.1,0,0
CCL25.2705.5.2,0,0
TNFSF18.2708.54.2,0,0
AIMP1.2714.78.2,0,0
CSF3R.2719.3.4,0,0
IL37.2723.9.2,0,0
NCR2.2734.49.4,0,0
NOV.2737.22.2,0,0
GDF5.2752.62.2,0,0
C3.2755.8.2,0,0
FAM107A.2760.2.2,0,0
FGF20.2763.66.2,0,0
CCL1.2770.51.2,0,0
IGFBP1.2771.35.2,0,0
IL16.2774.10.3,0,0
IL22.2778.10.2,0,0
LTF.2780.35.2,0,0
CCL3L1.2783.18.2,0,0
PPBP.2790.54.2,0,0
ACE2.2805.6.2,0,0
ACVR1B.2806.49.2,0,0
ADAMTS4.2809.25.2,0,0
ANGPT1.2811.27.1,0,0
BCAM.2816.50.2,0,0
CDH5.2819.23.2,0,0
COMMD7.2823.7.1,0,0
EDA.2826.53.2,0,0
CX3CL1.2827.23.2,0,0
SPINT1.2828.82.2,0,0
IL27.EBI3.2829.19.2,0,0
KLK11.2831.29.1,0,0
KLK4.2833.20.1,0,0
KLK8.2834.54.1,0,0
LCN2.2836.68.2,0,0
MET.2837.3.2,0,0
MMP17.2838.53.1,0,0
TNFSF4.2839.2.1,0,0
SPINT2.2843.13.2,0,0
TIE1.2844.53.2,0,0
RPS27A.2846.24.2,0,0
AIF1.2849.49.1,0,0
CHEK1.2853.68.2,0,0
MAPK3.2855.49.2,0,0
HDAC8.2859.69.2,0,0
KPNA2.2860.19.2,0,0
MAP2K1.2864.2.3,0,0
RAD51.2871.73.2,0,0
TBP.2875.15.2,0,0
TOP1.2876.74.2,0,0
UBE2I.2877.3.1,0,0
YES1.2878.66.2,0,0
CTF1.2889.37.2,0,0
CCL28.2890.59.2,0,0
CD22.2891.1.3,0,0
CCL14.2900.53.3,0,0
IL4.2906.55.3,0,0
MDK.2911.27.2,0,0
CCL23.2913.1.2,0,0
SERPINE1.2925.9.1,0,0
APOE.2937.10.2,0,0
ARTN.2939.10.2,0,0
CYCS.2942.50.2,0,0
NBL1.2944.66.2,0,0
GHR.2948.58.2,0,0
PLA2G10.2949.6.2,0,0
CGA.LHB.2953.31.2,0,0
CFP.2960.66.2,0,0
PTHLH.2962.50.2,0,0
CLEC11A.2966.65.2,0,0
VCAM1.2967.8.1,0,0
TNFSF15.2968.61.1,0,0
AREG.2970.60.2,0,0
BMP7.2972.57.2,0,0
CD36.2973.15.2,0,0
CTGF.2975.19.2,0,0
DSG1.2976.58.2,0,0
EDAR.2977.7.2,0,0
CXCL5.2979.8.2,0,0
LGALS4.2982.82.2,0,0
HIST1H1C.2987.37.3,0,0
IL1R1.2991.9.2,0,0
IL17RA.2992.59.2,0,0
IL1RL2.2994.71.2,0,0
JAM2.2997.8.1,0,0
JAM3.2998.53.2,0,0
LSAMP.2999.6.2,0,0
MBL2.3000.66.1,0,0
PDCD1LG2.3004.67.2,0,0
PTPN1.3005.5.2,0,0
SIGLEC9.3007.7.2,0,0
TGFBR3.3009.3.2,0,0
TSLP.3010.53.2,0,0
CCL23.3028.36.2,0,0
CD209.3029.52.2,0,0
CLEC4M.3030.3.2,0,0
LGALS2.3033.57.1,0,0
GFAP.3034.1.2,0,0
IL1B.3037.62.1,0,0
CXCL11.3038.9.2,0,0
CCL3.3040.59.1,0,0
MRC2.3041.55.2,0,0
MB.3042.7.2,0,0
SPARC.3043.49.2,0,0
PRSS1.3049.61.2,0,0
HP.3054.3.2,0,0
IL4R.3055.54.2,0,0
TNFSF13B.3059.50.2,0,0
C9.3060.43.2,0,0
FGF5.3065.65.1,0,0
GDF9.3067.67.1,0,0
IL2.3070.1.2,0,0
IL13.3072.4.2,0,0
F10.3077.66.2,0,0
PGF.3078.1.2,0,0
ULBP1.3081.70.2,0,0
ULBP2.3082.9.2,0,0
EDA2R.3083.71.1,0,0
AURKA.3091.70.2,0,0
MAPK1.3115.64.2,0,0
VEGFC.3132.1.1,0,0
CD4.3143.3.1,0,0
CXCL3.CXCL2.3148.49.1,0,0
IL2RA.3151.6.1,0,0
TNFRSF1B.3152.57.1,0,0
CD33.3166.92.1,0,0
IDUA.3169.70.2,0,0
APP.3171.57.2,0,0
ARSB.3172.28.2,0,0
NAAA.3173.49.2,0,0
ADAMTS1.3174.2.1,0,0
CTSC.3178.5.2,0,0
CTSA.3179.51.2,0,0
ENTPD1.3182.38.2,0,0
CRISP3.3187.52.2,0,0
TMPRSS15.3189.61.2,0,0
WFIKKN1.3191.50.2,0,0
CNDP2.3192.3.2,0,0
GNLY.3195.50.2,0,0
HAPLN1.3196.6.2,0,0
IDE.3197.70.2,0,0
KLK12.3199.54.2,0,0
KLK5.3201.49.2,0,0
KREMEN2.3202.28.2,0,0
LTA4H.3204.2.2,0,0
MEPE.3209.69.1,0,0
ASAH2.3212.30.3,0,0
ACP5.3232.28.2,0,0
TGFBI.3283.21.1,0,0
CD109.3290.50.2,0,0
CFC1.3294.55.2,0,0
CNTN4.3298.52.2,0,0
CNTN5.3299.29.2,0,0
DLL4.3305.6.1,0,0
FCGR2A.3309.2.2,0,0
FCGR2B.3310.62.1,0,0
FCGR3B.3311.27.1,0,0
FCGR1A.3312.64.1,0,0
FCN2.3313.21.2,0,0
GFRA1.3314.74.2,0,0
HTRA2.3317.33.1,0,0
IGFBP7.3320.49.2,0,0
IL24.3321.2.2,0,0
LRIG3.3322.52.2,0,0
LRP8.3323.37.1,0,0
LY9.3324.51.1,0,0
CADM1.3326.58.2,0,0
PGLYRP1.3329.14.2,0,0
RGMB.3331.8.1,0,0
TFPI.3336.50.1,0,0
ABL1.3341.33.4,0,0
SERPINC1.3344.60.4,0,0
AURKB.3346.72.2,0,0
ADRBK1.3347.9.2,0,0
CAMK2A.3350.53.2,0,0
CAMK2B.3351.1.1,0,0
CA6.3352.80.3,0,0
CDK2.CCNA2.3357.67.2,0,0
CDK5.CDK5R1.3358.51.2,0,0
CDK8.CCNC.3359.11.2,0,0
CD207.3361.26.2,0,0
CSK.3363.31.4,0,0
DKK4.3365.7.2,0,0
GZMH.3373.5.2,0,0
HCK.3374.49.2,0,0
IL17RD.3376.49.2,0,0
PRKCI.3379.29.1,0,0
LYN.3381.24.2,0,0
PAK3.3387.1.2,0,0
PAK7.3388.58.2,0,0
PIK3CA.PIK3R1.3390.72.2,0,0
PIK3CG.3391.10.2,0,0
AKT1.AKT2.AKT3.3392.68.2,0,0
PLK1.3394.81.2,0,0
REN.3396.54.2,0,0
PTPN11.3397.7.4,0,0
STAB2.3399.31.2,0,0
TBK1.3400.49.2,0,0
PTPN2.3401.8.2,0,0
TPSB2.3403.1.2,0,0
UFC1.3405.6.2,0,0
BCL2.3412.7.1,0,0
BCL2A1.3413.50.2,0,0
BMX.3414.40.2,0,0
IBSP.3415.61.2,0,0
CAMK1D.3418.12.2,0,0
TNFSF8.3421.54.2,0,0
CDC2.CCNB1.3422.4.2,0,0
CMA1.3423.59.2,0,0
CSNK2A1.3427.63.2,0,0
FLT3.3437.80.3,0,0
FSTL3.3438.10.2,0,0
GZMA.3440.7.2,0,0
CXCL8.3447.64.2,0,0
INSR.3448.13.2,0,0
SERPINA4.3449.58.2,0,0
KLK6.3450.4.2,0,0
LCK.3452.17.2,0,0
LYN.3453.87.2,0,0
POSTN.3457.57.1,0,0
PDGFRB.3459.49.2,0,0
PRKACA.3466.8.2,0,0
SELE.3470.1.2,0,0
STK16.3471.49.1,0,0
BIRC5.3472.40.2,0,0
MPL.3473.78.2,0,0
NTRK1.3477.63.2,0,0
XPNPEP1.3481.87.1,0,0
FGF1.3486.58.2,0,0
CAT.3488.64.2,0,0
CNTF.3489.9.2,0,0
ITGA1.ITGB1.3503.4.2,0,0
HAMP.3504.58.2,0,0
LTA.LTB.3506.49.1,0,0
CCL22.3508.78.3,0,0
CCL17.3519.3.2,0,0
TGFB3.3520.58.1,0,0
CGA.TSHB.3521.16.2,0,0
CD40LG.3534.14.2,0,0
DKK1.3535.84.1,0,0
DDC.3538.26.1,0,0
BMP10.3587.53.2,0,0
CAMK1.3592.4.3,0,0
CASP3.3593.72.3,0,0
GNS.3616.3.5,0,0
LGMN.3622.33.4,0,0
LY86.3623.84.4,0,0
MMEL1.3627.71.4,0,0
CDC42BPB.3629.60.4,0,0
CADM3.3630.27.4,0,0
LRPAP1.3640.14.3,0,0
TLR4.LY96.3647.49.4,0,0
PLG.3710.49.2,0,0
CDKN1B.3719.2.2,0,0
NPPB.3723.1.2,0,0
PYY.3727.35.1,0,0
PROC.3758.68.3,0,0
TEK.3773.15.4,0,0
ADAM9.3795.6.2,0,0
ANGPTL4.3796.79.2,0,0
CDH2.3797.1.1,0,0
CA9.3798.71.1,0,0
CA3.3799.11.2,0,0
CKB.3800.71.2,0,0
ESM1.3805.16.2,0,0
FGF23.3807.1.2,0,0
FGFR2.3808.76.2,0,0
FGFR3.3809.1.2,0,0
MAPKAPK2.3820.68.2,0,0
MATK.3823.9.1,0,0
MAPK8.3825.18.2,0,0
PTEN.3831.21.1,0,0
PTK6.3832.51.1,0,0
TLR2.3835.11.2,0,0
UFM1.3836.51.2,0,0
ZAP70.3837.6.2,0,0
DNAJB1.3852.19.2,0,0
MDH1.3853.56.1,0,0
PRDX1.3855.56.1,0,0
ACP1.3858.5.1,0,0
PSMA6.3860.7.2,0,0
RPS7.3864.5.2,0,0
SEZ6L2.3867.49.1,0,0
SGTA.3868.8.1,0,0
TPT1.3872.2.1,0,0
TPO.3873.51.2,0,0
UBE2L3.3874.8.1,0,0
ARID3A.3875.62.1,0,0
DYNLL1.3881.49.2,0,0
ING1.3888.8.1,0,0
LMNB1.3889.64.2,0,0
LDHB.3890.8.2,0,0
MBD4.3891.56.1,0,0
MED1.3892.21.2,0,0
MSLN.3893.64.1,0,0
NAGK.3894.15.2,0,0
PDXP.3897.61.1,0,0
PSMD7.3898.5.2,0,0
SKP1.3902.21.2,0,0
SNX4.3903.49.2,0,0
UBE2N.3905.62.1,0,0
FGF4.4123.60.2,0,0
C6.4127.75.1,0,0
CCL24.4128.27.2,0,0
CFB.4129.72.1,0,0
FGF6.4130.71.1,0,0
FST.4132.27.2,0,0
GZMB.4133.54.2,0,0
IGHE.IGK.IGL.4135.84.2,0,0
IL17D.4136.40.2,0,0
IL25.4137.57.2,0,0
IL20.4138.25.2,0,0
XCL1.4143.74.2,0,0
CCL13.4144.13.1,0,0
NTF3.4145.58.2,0,0
NTF4.4146.58.2,0,0
PAPPA.4148.49.2,0,0
PDGFB.4149.8.2,0,0
PLG.4150.75.2,0,0
TNC.4155.3.2,0,0
TGFB2.4156.74.1,0,0
PLAU.4158.54.2,0,0
CFH.4159.130.1,0,0
TF.4162.54.2,0,0
H2AFZ.4163.5.2,0,0
EIF4EBP2.4184.43.3,0,0
AKR1A1.4192.10.2,0,0
ANP32B.4194.26.3,0,0
CFL1.4203.50.2,0,0
VTA1.4209.60.2,0,0
EPS15L1.4212.5.3,0,0
HSD17B10.4217.49.3,0,0
SYNCRIP.4224.7.2,0,0
IGF1R.4232.19.2,0,0
IL1RL1.4234.8.2,0,0
LCMT1.4237.70.3,0,0
L1CAM.4246.40.2,0,0
NME2.4249.64.2,0,0
PES1.4267.81.3,0,0
PFDN5.4271.75.2,0,0
GPI.4272.46.2,0,0
PSMA2.4280.47.2,0,0
RBM39.4284.18.3,0,0
SPON1.4297.62.3,0,0
TK1.4301.58.2,0,0
LCORL.4304.18.2,0,0
TKT.4306.4.2,0,0
TPI1.4309.59.3,0,0
AMN.4322.28.3,0,0
BOC.4328.2.2,0,0
CRP.4337.49.2,0,0
DAPK2.4355.13.1,0,0
DYRK3.4359.87.1,0,0
DHH.4389.2.1,0,0
FGF16.4393.3.1,0,0
FGF8.4394.71.2,0,0
IFNL1.4396.54.1,0,0
IFNL2.4397.26.2,0,0
ADAM12.4420.7.2,0,0
BCL2L1.4423.77.2,0,0
CHST6.4429.51.2,0,0
COLEC11.4430.44.3,0,0
ENTPD3.4436.1.2,0,0
ENTPD5.4437.56.3,0,0
FCRL3.4440.15.2,0,0
MFGE8.4455.89.2,0,0
PCSK7.4459.68.2,0,0
SPARCL1.4467.49.2,0,0
SPHK2.4468.21.2,0,0
CHST15.4469.78.2,0,0
TPM2.4472.5.2,0,0
RPS27A.4474.19.2,0,0
ZAP70.4476.22.2,0,0
SERPING1.4479.14.2,0,0
C4A.C4B.4481.34.2,0,0
FGF7.4487.1.1,0,0
IL11.4493.92.1,0,0
PDGFA.4499.21.1,0,0
ADAMTS15.4533.76.2,0,0
CBX5.4540.11.2,0,0
CLU.4542.24.2,0,0
DNAJC19.4545.53.3,0,0
FLRT1.4547.59.2,0,0
FUT3.4548.4.2,0,0
FUT5.4549.78.2,0,0
ADGRG5.4551.72.3,0,0
HDGFRP2.4553.65.3,0,0
IL34.4556.10.2,0,0
KIRREL3.4557.61.2,0,0
KYNU.4559.64.2,0,0
LCK.4560.34.2,0,0
NXPH1.4562.1.2,0,0
PLCG1.4563.61.2,0,0
SH2D1A.4567.82.2,0,0
SLITRK5.4568.17.2,0,0
IL6.4673.13.2,0,0
CSF2.4697.59.2,0,0
LTA.4703.87.2,0,0
YWHAB.YWHAE.YWHAG.YWHAH.YWHAQ.YWHAZ.SFN.4707.50.2,0,0
HSD17B1.4708.3.2,0,0
IL3.4717.55.2,0,0
PPIB.4718.5.2,0,0
TFF3.4721.54.2,0,0
SMPDL3A.4771.10.3,0,0
SERPINA6.4785.30.3,0,0
COL8A1.4807.13.3,0,0
TNFRSF10A.4832.75.2,0,0
EPHA2.4834.61.2,0,0
GPC3.4842.62.2,0,0
IL1A.4851.25.1,0,0
NTRK2.4866.59.2,0,0
INS.4883.56.2,0,0
CCL7.4886.3.1,0,0
WNT7A.4889.82.1,0,0
POMC.4890.10.1,0,0
GCG.4891.50.1,0,0
CASP2.4904.7.1,0,0
COTL1.4905.63.1,0,0
FGA.FGB.FGG.4907.56.1,0,0
ENG.4908.6.1,0,0
GSTP1.4911.49.2,0,0
GOT1.4912.17.1,0,0
CCL16.4913.78.1,0,0
LYZ.4920.10.1,0,0
CCL19.4922.13.1,0,0
MMP13.4925.54.2,0,0
STC1.4930.21.1,0,0
F3.4931.59.1,0,0
AGR2.4959.2.1,0,0
ANXA1.4960.72.1,0,0
ANXA2.4961.17.1,0,0
CDNF.4962.52.1,0,0
ARPP19.4963.19.1,0,0
ERAP1.4964.67.1,0,0
ATP5B.4965.27.1,0,0
C1QBP.4967.1.1,0,0
CA1.4969.2.1,0,0
CA2.4970.55.1,0,0
CTSZ.4971.1.1,0,0
BIRC3.4973.18.1,0,0
CRK.4976.57.1,0,0
DBNL.4978.54.2,0,0
PI3.4982.54.1,0,0
ESD.4984.83.1,0,0
FABP5.4985.11.1,0,0
FCAR.4987.17.1,0,0
FGFR4.4988.49.2,0,0
GP1BA.4990.87.1,0,0
GPC5.4991.12.1,0,0
GRN.4992.49.1,0,0
GSTA3.4993.16.1,0,0
HPGD.4995.16.1,0,0
EIF4A3.4997.19.1,0,0
SCGB2A1.5001.6.2,0,0
MMP14.5002.76.1,0,0
MAPK13.5006.71.1,0,0
MAPK14.5007.1.1,0,0
SOD2.5008.51.1,0,0
NAMPT.5011.11.1,0,0
AK1.5012.67.1,0,0
PGK1.5020.50.1,0,0
RB1.5024.67.1,0,0
RPS3.5026.66.1,0,0
CD163.5028.59.1,0,0
FAP.5029.3.1,0,0
SIRT2.5030.52.1,0,0
SSRP1.5032.64.1,0,0
TPM1.5033.27.1,0,0
ICOSLG.5061.27.3,0,0
CD226.5062.60.3,0,0
CD55.5069.9.3,0,0
TNFRSF6B.5070.76.3,0,0
EPHB6.5078.82.3,0,0
IL1RAPL2.5082.51.3,0,0
IL7R.5089.11.3,0,0
LILRB1.5090.49.2,0,0
LILRB2.5091.28.3,0,0
JAG1.5092.51.3,0,0
JAG2.5093.47.3,0,0
AMICA1.5094.62.3,0,0
KIR3DL2.5096.51.3,0,0
KLRF1.5098.79.3,0,0
SCARB2.5100.53.3,0,0
MICB.5102.55.3,0,0
CD200R1.5103.30.3,0,0
NOTCH1.5107.7.2,0,0
NRCAM.5109.24.3,0,0
NRXN1.5110.84.3,0,0
CD200.5112.73.3,0,0
PRLR.5114.65.3,0,0
ROBO3.5117.14.3,0,0
SLAMF6.5128.53.3,0,0
TNFRSF19.5131.15.3,0,0
IL27RA.5132.71.3,0,0
TGFBR2.5133.17.3,0,0
HAVCR2.5134.52.2,0,0
TNFRSF12A.5138.50.3,0,0
UNC5C.5139.32.3,0,0
PDE7A.5178.5.3,0,0
PRKAA1.PRKAB1.PRKAG1.5183.53.3,0,0
NMT1.5196.7.3,0,0
PDE9A.5201.50.4,0,0
PSME3.5204.13.3,0,0
GCKR.5223.59.3,0,0
CSNK2A1.CSNK2B.5225.50.3,0,0
CSNK2A2.CSNK2B.5226.36.3,0,0
PDK1.5227.60.3,0,0
KIF23.5228.25.2,0,0
IMPDH1.5229.90.3,0,0
HMGCR.5230.99.3,0,0
NR1D1.5236.2.3,0,0
PPIE.5238.26.3,0,0
MAP2K4.5242.37.3,0,0
PRKAA2.PRKAB2.PRKAG1.5245.40.5,0,0
PDE2A.5246.64.3,0,0
STK17B.5249.31.3,0,0
IMPDH2.5250.53.3,0,0
PDE3A.5254.69.3,0,0
PDE4D.5255.22.3,0,0
MAP3K7.TAB1.5259.2.3,0,0
TYK2.5260.80.3,0,0
ABL2.5261.13.3,0,0
GRAP2.5265.12.3,0,0
MMP16.5268.49.3,0,0
SHC1.5272.55.2,0,0
SLC25A18.5280.68.5,0,0
CCL11.5301.7.3,0,0
F2.5316.54.3,0,0
S100A9.5339.49.3,0,0
CASP10.5340.24.3,0,0
CKAP2.5345.51.3,0,0
CPNE1.5346.24.3,0,0
CCNB1.5347.59.3,0,0
DLL1.5349.69.3,0,0
HNRNPA2B1.5351.52.3,0,0
TNFRSF14.5352.11.3,0,0
KRT18.5354.11.3,0,0
TNFSF14.5355.69.3,0,0
NLGN4X.5357.60.3,0,0
OMD.5358.3.3,0,0
PIM1.5359.65.3,0,0
AKT2.5360.9.2,0,0
FAS.5392.73.2,0,0
TNFRSF21.5404.53.3,0,0
CDH15.5410.53.3,0,0
SIRPA.5430.66.3,0,0
TNNI3.5441.67.3,0,0
NPPA.5443.62.2,0,0
ALCAM.5451.1.3,0,0
ASGR1.5452.71.3,0,0
COLEC12.5457.5.2,0,0
GRB2.5464.52.3,0,0
HS6ST1.5465.32.3,0,0
HSP90AB1.5467.15.3,0,0
IL17RC.5468.67.3,0,0
PRKCB.5475.10.3,0,0
CCL5.5480.49.3,0,0
RASA1.5481.16.3,0,0
RGMA.5483.1.3,0,0
RPS3A.5484.63.3,0,0
ICAM2.5486.73.3,0,0
SLAMF7.5487.7.3,0,0
STIP1.5489.18.3,0,0
SPOCK1.5490.53.3,0,0
SPOCK2.5491.12.3,0,0
WNK3.5493.17.3,0,0
EGF.5509.7.3,0,0
TNFRSF18.5526.53.3,0,0
RYK.5583.62.3,0,0
TCN2.5584.21.3,0,0
MINPP1.5586.66.3,0,0
ZPLD1.5590.11.3,0,0
PDIA5.5593.11.3,0,0
GREM2.5598.3.3,0,0
PCYOX1L.5599.88.3,0,0
RNASE10.5602.62.3,0,0
MFAP1.5606.24.3,0,0
FAM19A5.5609.92.3,0,0
DEFB108B.5611.56.3,0,0
HINT2.5612.16.3,0,0
LAT2.5613.75.3,0,0
CRH.5614.44.3,0,0
FAM172A.5615.62.3,0,0
NPFF.5617.41.3,0,0
FAM3B.5618.50.3,0,0
PAM.5620.13.3,0,0
THSD1.5621.64.3,0,0
CTRC.5626.20.3,0,0
GNRH1.5627.53.3,0,0
SEMA3G.5628.21.3,0,0
KLRC1.5629.58.3,0,0
CD300A.5630.48.3,0,0
POFUT1.5634.39.3,0,0
MFAP4.5636.10.3,0,0
NTNG1.5637.81.3,0,0
COLGALT1.5638.23.3,0,0
NETO1.5639.49.3,0,0
LCN8.5643.2.3,0,0
RNASE4.5644.60.3,0,0
RNASE6.5646.20.3,0,0
PSG4.5649.83.3,0,0
PSG7.5651.50.3,0,0
PRSS37.5653.23.3,0,0
ENDOU.5656.53.3,0,0
TRH.5659.11.3,0,0
DEFB106A.5664.57.3,0,0
SEMA3B.5667.3.3,0,0
SIRPB2.5669.26.3,0,0
PRELP.5675.6.3,0,0
C2orf66.5677.15.3,0,0
DEFB103A.5679.16.3,0,0
OBP2B.5680.54.3,0,0
PRKCSH.5687.5.3,0,0
CBLN4.5688.65.3,0,0
TUFT1.5690.49.3,0,0
CRISPLD2.5691.2.3,0,0
GZMM.5704.74.3,0,0
ELK3.5707.55.3,0,0
IFNA6.5714.88.3,0,0
ABHD14A.5715.4.3,0,0
CSAG1.5716.49.3,0,0
CILP.5717.2.3,0,0
FAM189A2.5719.66.3,0,0
INSL3.5723.4.3,0,0
SBSN.5724.58.3,0,0
SPAG11A.5726.49.3,0,0
FCRL1.5728.60.3,0,0
CXCL14.5730.60.3,0,0
SPINK6.5731.1.3,0,0
PVRL4.5734.13.3,0,0
C1GALT1C1.5735.54.3,0,0
TREML2.5736.1.3,0,0
SEMA4D.5737.61.3,0,0
KRTDAP.5739.75.3,0,0
CARTPT.5743.82.3,0,0
PI15.5745.64.3,0,0
ASAH1.5748.20.3,0,0
CLPS.5749.53.3,0,0
SUSD3.5752.63.3,0,0
INSL6.5754.76.3,0,0
PAPPA2.5756.66.3,0,0
SPAG11B.5762.35.3,0,0
GALNT2.5764.4.3,0,0
DEFB121.5765.53.3,0,0
AFP.5792.8.2,0,0
BID.5798.3.3,0,0
NGF.5801.72.3,0,0
CD70.5807.77.3,0,0
TDGF1.5810.25.3,0,0
EPO.5813.58.3,0,0
GDNF.5822.22.3,0,0
IFNGR1.5825.49.3,0,0
IL9.5834.18.3,0,0
LIFR.5837.49.3,0,0
EHMT2.5843.60.3,0,0
S100A12.5852.6.3,0,0
YWHAZ.5858.6.5,0,0
HAAO.5861.78.3,0,0
ALDOA.5864.10.3,0,0
BAD.5870.23.2,0,0
DCTN2.5879.51.3,0,0
EEF1B2.5882.34.2,0,0
EIF5A.5888.29.3,0,0
HINT1.5900.11.2,0,0
NME1.5909.51.3,0,0
PEX5.5915.58.3,0,0
PSME1.5918.5.3,0,0
WISP3.5927.4.3,0,0
TNF.5936.53.3,0,0
TNFSF12.5939.42.3,0,0
THPO.5947.90.3,0,0
SST.5957.30.3,0,0
C21orf33.5981.6.3,0,0
ST6GAL1.6035.2.3,0,0
WFDC12.6037.6.3,0,0
CRHBP.6039.24.3,0,0
SIGLEC10.6048.4.3,0,0
PTPRS.6049.64.3,0,0
NXPH3.6054.6.3,0,0
ERP44.6064.4.3,0,0
CECR1.6077.63.3,0,0
ACPL2.6079.59.3,0,0
PCOLCE2.6081.52.3,0,0
FCRL5.6103.70.3,0,0
CTBS.6115.40.3,0,0
MAMDC2.6119.14.3,0,0
MAP2K3.6151.18.3,0,0
IFNA8.6214.84.3,0,0
PDZD11.6219.14.3,0,0
ADPGK.6221.1.3,0,0
STC2.6231.46.3,0,0
VIT.6234.74.3,0,0
PSG8.6238.55.3,0,0
PVRL2.6245.4.3,0,0
CPXM1.6255.74.3,0,0
LY6G6C.6256.9.3,0,0
CGREF1.6257.56.3,0,0
NPC2.6259.60.3,0,0
FAM163A.6260.14.3,0,0
CYR61.6264.9.3,0,0
STMN4.6267.51.3,0,0
WSCD2.6274.15.3,0,0
FURIN.6276.16.3,0,0
ST3GAL2.6281.51.3,0,0
MCEMP1.6283.60.3,0,0
FAM150B.6284.7.3,0,0
MLEC.6285.71.3,0,0
CLSTN3.6291.55.3,0,0
BAGE2.6294.11.3,0,0
VCY.6295.67.3,0,0
C1QTNF1.6304.8.3,0,0
GGT2.6334.9.3,0,0
CD79B.6351.55.3,0,0
HEPHL1.6354.13.3,0,0
CELA3B.6357.83.3,0,0
POMGNT2.6359.50.3,0,0
DEFB128.6360.7.3,0,0
PTPRR.6361.49.3,0,0
C2orf40.6362.6.3,0,0
TAPBPL.6364.7.3,0,0
KCT2.6365.62.3,0,0
DEAF1.6369.82.3,0,0
ANGPTL7.6371.50.3,0,0
YBX2.6372.7.3,0,0
SEMG2.6373.54.3,0,0
XXYLT1.6375.75.3,0,0
LYZL2.6377.54.3,0,0
C5orf38.6378.2.3,0,0
MANBA.6382.17.3,0,0
TLL1.6383.90.3,0,0
WFDC3.6384.19.3,0,0
CCDC126.6388.21.3,0,0
HSP90B1.6393.63.3,0,0
GPHA2.6395.58.3,0,0
LONP1.6398.12.3,0,0
DEFB107A.6399.52.3,0,0
SLURP1.6401.73.3,0,0
PSG2.6405.74.3,0,0
NMES1.6406.3.3,0,0
LAD1.6407.63.3,0,0
INHBC.6408.2.3,0,0
ADGRF5.6409.57.3,0,0
INSL4.6410.26.3,0,0
DEFB135.6411.58.3,0,0
IER3IP1.6412.26.3,0,0
LIPK.6413.79.3,0,0
OAF.6414.8.3,0,0
GPA33.6419.75.3,0,0
SDHAF2.6420.4.3,0,0
RNASE13.6424.2.3,0,0
FAM19A2.6430.36.3,0,0
FAM20A.6433.57.3,0,0
AOC2.6434.18.3,0,0
C14orf93.6439.59.3,0,0
MFAP5.6440.31.3,0,0
ADAMTS6.6441.62.3,0,0
BAGE3.6442.6.3,0,0
PSG3.6444.15.3,0,0
PTX3.6447.73.3,0,0
SEMA3C.6448.36.3,0,0
LILRB4.6453.70.3,0,0
ARHGDIA.6454.38.3,0,0
PSG6.6456.17.3,0,0
TIMP4.6462.12.3,0,0
QRFP.6463.59.3,0,0
PVRIG.6464.40.3,0,0
SPACA7.6466.7.3,0,0
POGLUT1.6467.65.3,0,0
TAC4.6468.37.3,0,0
LY6G6D.6469.62.3,0,0
FBLN1.6470.19.3,0,0
BPIFA1.6473.55.3,0,0
CANT1.6480.1.3,0,0
KLK15.6491.59.3,0,0
CPZ.6493.9.3,0,0
RS1.6497.10.3,0,0
TMED10.6506.54.3,0,0
NCAM2.6507.16.3,0,0
SCGB1D2.6508.68.3,0,0
NPTX2.6521.35.3,0,0
AMBN.6522.57.3,0,0
DUSP13.6525.17.3,0,0
OBP2A.6526.77.3,0,0
EXTL2.6528.95.3,0,0
PROL1.6530.63.3,0,0
DNASE2B.6533.20.3,0,0
PLBD2.6536.54.3,0,0
KIAA2013.6538.90.3,0,0
PRLH.6543.182.3,0,0
TMPRSS11D.6547.83.3,0,0
VSTM2L.6549.60.3,0,0
SERPINA12.6551.94.3,0,0
LRRC15.6557.50.3,0,0
COLEC10.6558.5.3,0,0
LOC652493.6561.77.3,0,0
C17orf78.6571.75.3,0,0
FAIM3.6574.11.3,0,0
ART4.6576.1.3,0,0
LAMA4.6577.64.3,0,0
TNMD.6578.29.3,0,0
ADAM11.6586.19.3,0,0
GALNT3.6593.5.3,0,0
SAYSD1.6594.64.3,0,0
APCDD1.6599.5.3,0,0
RELL2.6600.70.3,0,0
KAL1.6603.18.3,0,0
NDNF.6604.59.3,0,0
CNP.6609.22.3,0,0
BRICD5.6612.90.3,0,0
FCRL6.6617.12.3,0,0
LINGO1.6620.82.3,0,0
ATAD1.6625.31.3,0,0
PNLIPRP1.6627.25.3,0,0
DEFB1.6629.3.3,0,0
UPK3BL.6633.43.3,0,0
UBB.6641.60.3,0,0
UBC.6647.55.3,0,0
NTN1.6649.51.3,0,0
UBB.6651.74.3,0,0
CD47.6653.58.3,0,0
TFRC.6895.1.3,0,0
B3GAT3.6897.38.3,0,0
PCBD2.6899.37.3,0,0
TMCO5A.6907.17.3,0,0
MGAT2.6909.40.3,0,0
CLEC6A.6911.103.3,0,0
EFHA2.6912.6.3,0,0
LRRC3.6917.49.3,0,0
HBZ.6919.3.3,0,0
B4GALT3.6921.24.3,0,0
SNX8.6925.26.3,0,0
NDST1.6927.7.3,0,0
ST8SIA3.6929.10.3,0,0
ST8SIA6.6930.95.3,0,0
ITGA5.6932.42.3,0,0
MRPL34.6933.20.3,0,0
PMEPA1.6936.7.3,0,0
JPH1.6940.18.3,0,0
SUMF1.6941.11.3,0,0
ST3GAL6.6947.4.3,0,0
FIG4.6948.82.3,0,0
ASIC4.6951.26.3,0,0
IGFL3.6961.14.3,0,0
WFDC5.6969.14.3,0,0
CD74.6974.6.3,0,0
SNAPIN.6975.52.3,0,0
IGSF8.6984.6.3,0,0
HS3ST3B1.6986.17.3,0,0
SDF2L1.6990.44.3,0,0
FUT9.6991.24.3,0,0
C3orf18.6994.19.3,0,0
RAB26.6997.32.3,0,0
ASPH.6998.106.3,0,0
GALNT10.7003.4.3,0,0
LRRC19.7014.27.3,0,0
LILRB5.7015.8.3,0,0
GCNT1.7016.12.3,0,0
TSR3.7018.10.3,0,0
SEMA7A.7019.13.3,0,0
CHST5.7020.13.3,0,0
ST8SIA4.7038.45.3,0,0
BNIP3.7045.4.3,0,0
ADAM23.7049.2.3,0,0
NEGR1.7050.5.3,0,0
CLEC2D.7054.87.3,0,0
LILRA6.7059.14.3,0,0
ERO1L.7060.2.3,0,0
FAM209B.7066.199.4,0,0
TSNARE1.7069.9.4,0,0
KEL.7070.25.4,0,0
MAN1B1.7071.23.4,0,0
C22orf15.7073.69.4,0,0
CLEC4E.7077.9.4,0,0
B3GNT6.7082.2.3,0,0
MATN4.7083.74.3,0,0
SYT11.7089.42.3,0,0
GALNT1.7090.17.3,0,0
PDILT.7092.7.3,0,0
RMDN1.7096.30.3,0,0
CDY1.7097.8.3,0,0
FSTL5.7099.33.3,0,0
CD2.7100.31.3,0,0
DNAJB11.7110.2.3,0,0
GRPEL1.7113.1.3,0,0
SEMG1.7115.5.3,0,0
OSCAR.7116.31.3,0,0
SERPINI2.7117.21.3,0,0
IGDCC3.7118.24.3,0,0
SYT7.7121.2.3,0,0
MRPL52.7123.25.3,0,0
IL21.7124.18.3,0,0
RIC3.7125.4.3,0,0
C1QL4.7132.55.3,0,0
MSRA.7137.8.3,0,0
SLITRK4.7139.14.3,0,0
CELA2A.7140.1.3,0,0
MGAT4B.7141.21.3,0,0
GCNT2.7143.9.3,0,0
FAM173A.7148.42.3,0,0
NGRN.7153.66.3,0,0
FUT10.7156.2.3,0,0
PCDHA4.7157.22.3,0,0
VAPA.7167.102.3,0,0
DEPP.7178.59.3,0,0
IFNA14.7180.114.3,0,0
C19orf80.7183.102.3,0,0
PPM1L.7187.3.3,0,0
CHST3.7189.55.3,0,0
IFNLR1.7192.37.3,0,0
IFNW1.7196.21.3,0,0
DNAJC15.7197.2.3,0,0
FAM20B.7198.197.3,0,0
LRFN2.7200.4.3,0,0
ISCU.7201.5.3,0,0
RFNG.7203.125.3,0,0
CEACAM21.7204.1.3,0,0
FBP1.7206.20.3,0,0
MGAT4C.7208.60.3,0,0
RNASE1.7211.2.3,0,0
CYB5R3.7215.18.3,0,0
S100A13.7223.60.3,0,0
TRAT1.7224.11.3,0,0
MMGT1.7225.51.3,0,0
ST6GALNAC6.7228.2.3,0,0
TMPRSS11A.7231.37.3,0,0
P2RX6.7233.73.3,0,0
COLGALT2.7234.12.3,0,0
VSTM4.7242.14.3,0,0
IGFLR1.7244.16.3,0,0
CELF2.7245.2.3,0,0
GORAB.7247.1.3,0,0
PTH2.7257.18.3,0,0
CHST14.7262.191.3,0,0
OSTN.7265.32.3,0,0
SERPINA9.7266.4.3,0,0
SPTLC2.7267.2.3,0,0
ANK2.7624.19.3,0,0
YWHAQ.7625.27.3,0,0
CRELD1.7628.40.3,0,0
MYBPC1.7648.9.3,0,0
NBR1.7696.3.3,0,0
VAMP4.7732.45.3,0,0
OPALIN.7736.28.3,0,0
STX2.7738.299.3,0,0
FATE1.7740.33.3,0,0
RNF148.7742.11.3,0,0
CISD1.7745.3.3,0,0
NCAM1.7746.230.3,0,0
NDUFV2.7748.11.3,0,0
SFRP2.7751.121.3,0,0
HTATIP2.7753.21.3,0,0
HLA.DQA2.7757.5.3,0,0
RNF215.7758.217.3,0,0
ITM2A.7765.15.3,0,0
CLPSL2.7767.1.3,0,0
SH3BP2.7769.29.3,0,0
NFU1.7770.25.3,0,0
KIR2DL2.7773.20.3,0,0
UNC5B.7776.20.3,0,0
CHST11.7779.86.3,0,0
EDDM3B.7782.34.3,0,0
CLEC2B.7786.83.3,0,0
LILRA5.7787.25.3,0,0
PRDX4.7789.182.3,0,0
LIF.7790.21.3,0,0
CCDC90B.7792.58.3,0,0
KLRC3.7795.14.3,0,0
CD79A.7796.10.3,0,0
CCDC167.7797.11.3,0,0
RAET1E.7800.85.3,0,0
NSG1.7802.53.3,0,0
CHST1.7803.4.3,0,0
GOSR1.7805.52.3,0,0
B4GALT7.7806.33.3,0,0
GLCE.7808.5.3,0,0
SPATA9.7809.22.3,0,0
C1QTNF5.7810.20.3,0,0
IGFBPL1.7815.49.3,0,0
TMEM27.7816.23.3,0,0
CCNC.7817.36.3,0,0
GBP6.7818.101.3,0,0
C1D.7821.6.3,0,0
HRASLS2.7822.11.3,0,0
ST6GALNAC2.7823.22.3,0,0
MSRB3.7824.88.3,0,0
ABHD12.7825.7.3,0,0
DCLK3.7826.1.3,0,0
BNIP3L.7835.2.3,0,0
SMR3A.7838.27.3,0,0
FAM19A3.7839.99.3,0,0
ESAM.7841.84.3,0,0
SERF1A.7842.52.3,0,0
PSG11.7846.44.3,0,0
TAC3.7847.66.3,0,0
QPCT.7849.3.3,0,0
COX4I2.7850.1.3,0,0
ANKRD46.7851.30.3,0,0
SCO1.7853.19.3,0,0
NTS.7857.22.3,0,0
HERC4.7860.9.3,0,0
ROR2.7861.9.3,0,0
SIGLEC8.7864.3.3,0,0
PLA2G16.7865.126.3,0,0
DNAJC30.7866.11.3,0,0
ST6GALNAC1.7867.154.3,0,0
NUDT8.7872.5.3,0,0
TSSK2.7873.32.3,0,0
SEC61B.7878.2.3,0,0
CYP3A4.7879.12.3,0,0
PSMA1.7880.9.3,0,0
PARP16.7881.244.3,0,0
SPTLC1.7886.26.3,0,0
COX5B.7887.57.3,0,0
COA3.7888.58.3,0,0
DPP10.7890.68.3,0,0
UGT1A6.7891.45.3,0,0
MRAP.7895.108.3,0,0
DLG3.7897.75.3,0,0
MDM1.7898.29.3,0,0
VAMP3.7903.18.3,0,0
LRFN1.7910.41.3,0,0
ST8SIA2.7920.30.3,0,0
FJX1.7921.65.3,0,0
SEMA4C.7923.41.3,0,0
CD3G.7924.7.3,0,0
SMCO2.7925.18.3,0,0
SPINT3.7926.13.3,0,0
ST6GALNAC5.7927.16.3,0,0
EXOSC1.7930.3.3,0,0
SYT8.7932.23.3,0,0
NDRG4.7934.11.3,0,0
LARGE.7935.26.3,0,0
CUZD1.7943.16.3,0,0
KIR3DL3.7944.1.3,0,0
SEMA6A.7945.10.3,0,0
BTNL9.7950.142.3,0,0
VTI1A.7952.2.3,0,0
SLAMF1.7953.20.3,0,0
ITIH1.7955.195.3,0,0
MINOS1.7956.11.3,0,0
CDH7.7959.34.3,0,0
SPINK8.7962.11.3,0,0
TTMP.7963.36.3,0,0
CRTAM.7968.15.3,0,0
UNC5A.7975.97.3,0,0
B3GNT2.7980.72.3,0,0
B3GALT6.7981.230.3,0,0
MRPL32.7982.10.3,0,0
PCDHGC5.7983.1.3,0,0
C1orf226.7989.5.3,0,0
IQCF1.7991.54.3,0,0
TMIE.7992.3.3,0,0
ASTL.7993.23.3,0,0
VWC2L.7995.16.3,0,0
ENTPD1.7999.23.3,0,0
KIR2DL5A.8000.17.3,0,0
TMPRSS5.8002.27.3,0,0
LGI3.8003.57.3,0,0
GAPDHS.8004.15.3,0,0
MXRA7.8005.1.3,0,0
DNAJB12.8006.12.3,0,0
HRK.8008.28.3,0,0
SURF1.8009.121.3,0,0
LMAN2L.8013.9.3,0,0
MANEA.8014.359.3,0,0
CHCHD2.8015.144.3,0,0
DNAJC4.8016.19.3,0,0
VSIG2.8018.43.3,0,0
STMN3.8019.73.3,0,0
MRPL14.8021.59.3,0,0
SPINK5.8028.22.3,0,0
CEACAM1.8031.11.3,0,0
DNAJC18.8033.1.3,0,0
DRGX.8034.6.3,0,0
C1orf198.8035.6.3,0,0
FAM177A1.8039.41.3,0,0
LEMD1.8040.9.3,0,0
FNDC5.8041.5.3,0,0
SPINK9.8042.88.3,0,0
XG.8044.90.3,0,0
LGALS1.8046.9.3,0,0
AGGF1.8051.10.3,0,0
DNAJB14.8053.16.3,0,0
DGCR2.8055.33.3,0,0
USE1.8057.78.3,0,0
THPO.8059.1.3,0,0
NRG2.8060.7.3,0,0
FAM171B.8061.102.3,0,0
PVR.8064.125.3,0,0
PATE4.8065.245.3,0,0
KCNE3.8067.21.3,0,0
KIAA1161.8068.43.3,0,0
MZT1.8072.19.3,0,0
TMEM70.8074.32.3,0,0
SPACA3.8076.4.3,0,0
C6orf226.8078.15.3,0,0
EID3.8079.39.3,0,0
PLD5.8081.55.3,0,0
ITM2B.8086.49.3,0,0
RNF13.8087.250.3,0,0
C1orf210.8088.56.3,0,0
NR4A1.8089.173.3,0,0
KIAA1161.8093.13.3,0,0
CISD2.8094.20.3,0,0
TBXAS1.8098.37.3,0,0
SSR1.8106.15.3,0,0
TMEM234.8107.12.3,0,0
C10orf35.8220.15.3,0,0
CDHR3.8222.49.3,0,0
UQCC3.8228.10.3,0,0
GXYLT1.8229.1.3,0,0
CHGB.8235.48.3,0,0
C18orf32.8236.8.3,0,0
CLEC2L.8242.9.3,0,0
FUT8.8244.16.3,0,0
ICAM5.8245.27.3,0,0
SIGLEC14.8248.222.3,0,0
NOTUM.8252.2.3,0,0
POMGNT1.8253.2.3,0,0
MRVI1.8255.34.3,0,0
UXS1.8258.22.3,0,0
B3GNT1.8259.25.3,0,0
PDZK1IP1.8260.13.3,0,0
STOM.8261.51.3,0,0
TYMSOS.8263.64.3,0,0
TMPO.8265.225.3,0,0
HS3ST3A1.8268.98.3,0,0
ARSK.8269.327.3,0,0
IL31RA.8273.84.3,0,0
STX7.8274.64.3,0,0
PEAR1.8275.31.3,0,0
CLEC5A.8282.15.3,0,0
ADCYAP1.8285.64.3,0,0
UPK3B.8286.44.3,0,0
GPNMB.8289.8.3,0,0
VAMP5.8290.1.3,0,0
KDELC2.8296.117.3,0,0
SSMEM1.8298.8.3,0,0
LILRA4.8299.66.3,0,0
PEX14.8300.82.3,0,0
SULF2.8305.18.3,0,0
PRRG1.8306.54.3,0,0
C11orf68.8307.47.3,0,0
HYAL1.8309.12.3,0,0
DEFB119.8315.5.3,0,0
TNFRSF11A.8316.36.3,0,0
SPRED1.8318.13.3,0,0
ZNF843.8321.27.3,0,0
TFF3.8323.163.3,0,0
ADH4.8325.37.3,0,0
SIGIRR.8326.63.3,0,0
DPEP2.8327.26.3,0,0
ETNK1.8328.9.3,0,0
GRAMD1C.8336.267.3,0,0
PTPRU.8337.65.3,0,0
DEFB110.8340.9.3,0,0
PAPOLG.8343.224.3,0,0
GPX7.8345.27.3,0,0
DPP7.8346.9.3,0,0
SIGLEC12.8352.26.3,0,0
SCN2B.8353.15.3,0,0
ISM1.8355.80.3,0,0
SULT4A1.8357.43.3,0,0
NCR1.8360.169.3,0,0
KIAA1324L.8363.18.3,0,0
UST.8364.74.3,0,0
C1orf115.8366.19.3,0,0
VSIG1.8367.142.3,0,0
TNFRSF1B.8368.102.3,0,0
DAG1.8369.102.3,0,0
CDHR1.8372.29.3,0,0
NGFR.8374.5.3,0,0
SCG2.8377.87.4,0,0
LDOC1.8378.3.4,0,0
DLK1.8380.244.4,0,0
RETSAT.8381.18.4,0,0
MAPKAPK5.8382.47.3,0,0
PATE1.8386.11.3,0,0
SPAST.8388.24.3,0,0
LRRC74A.8389.8.3,0,0
COX7A1.8390.25.3,0,0
DEFB115.8391.12.3,0,0
RNASE2.8394.56.3,0,0
FAAH2.8396.42.3,0,0
QSOX2.8397.147.3,0,0
RARRES1.8398.277.3,0,0
GRP.8400.74.3,0,0
BOLA2.8404.102.3,0,0
AXIN2.8429.16.3,0,0
GHRL.8447.11.3,0,0
SNCA.8458.111.3,0,0
BMP6.8459.10.3,0,0
GH1.8462.18.3,0,0
CTSH.8465.52.3,0,0
INHBA.INHBB.8467.9.3,0,0
MMP10.8479.4.3,0,0
DMKN.8535.102.3,0,0
FAM134B.8556.5.3,0,0
AMELX.8578.45.3,0,0
LRP1.8601.167.3,0,0
GPNMB.8606.39.3,0,0
RTBDN.8613.97.3,0,0
CADM4.8619.12.3,0,0
ERMAP.8631.13.3,0,0
LRRTM4.8646.61.3,0,0
G6B.8659.68.3,0,0
OLFML3.8660.5.3,0,0
PGRMC2.8681.93.3,0,0
GPC1.8697.38.3,0,0
CRIM1.8699.43.3,0,0
GALNT11.8700.325.3,0,0
CD74.8748.45.3,0,0
CD1D.8749.194.3,0,0
VCL.8750.46.3,0,0
HLA.DPB1.8755.202.3,0,0
KCNE5.8756.41.3,0,0
PCDHA7.8758.2.3,0,0
A4GALT.8759.29.3,0,0
DCUN1D5.8760.10.3,0,0
FAF2.8761.7.3,0,0
LILRA5.8766.29.3,0,0
ECE1.8767.44.3,0,0
BCL10.8768.4.3,0,0
TXNDC11.8769.30.3,0,0
CD84.8770.136.3,0,0
EFNB2.8772.5.3,0,0
EMILIN3.8773.172.3,0,0
FAM24B.8775.61.3,0,0
ERLIN1.8776.10.3,0,0
PCDH10.8780.2.3,0,0
ARMC5.8785.1.3,0,0
FAM171B.8786.6.3,0,0
FAM96A.8787.21.3,0,0
CA5A.8791.151.3,0,0
PODXL.8792.17.3,0,0
ALKBH5.8793.13.3,0,0
DPEP1.8794.13.3,0,0
TFRC.8795.48.3,0,0
TTC17.8800.14.3,0,0
COL20A1.8804.39.3,0,0
NRN1.8806.18.3,0,0
SNX1.8807.13.3,0,0
TXN.8813.160.3,0,0
PSAPL1.8814.33.3,0,0
IFNGR2.8818.13.3,0,0
RNF219.8822.163.3,0,0
PSMD1.8824.2.3,0,0
PILRA.8825.4.3,0,0
CANX.8834.58.3,0,0
CASC4.8838.10.3,0,0
GRAMD1C.8842.16.3,0,0
MYRF.8843.34.3,0,0
ADAMTS3.8845.2.3,0,0
PLA2G2C.8850.5.3,0,0
SUN3.8852.10.3,0,0
BATF3.8858.21.3,0,0
CENPW.8864.59.3,0,0
QPCTL.8866.53.3,0,0
SEC61G.8872.1.3,0,0
CLN5.8874.53.3,0,0
NRXN2.8876.51.3,0,0
EVA1C.8877.22.3,0,0
YTHDC1.8878.48.3,0,0
CACNA2D3.8885.6.3,0,0
NUDC.8887.21.3,0,0
SMIM9.8888.33.3,0,0
CPVL.8891.7.3,0,0
PEAR1.8892.14.3,0,0
HNRNPAB.8894.80.3,0,0
LRRC37A2.8897.3.3,0,0
UGT1A8.8899.75.3,0,0
NEO1.8900.28.3,0,0
COX6C.8903.1.3,0,0
LRTM2.8906.60.3,0,0
UGT2A1.8907.11.3,0,0
GNPDA1.8909.77.3,0,0
SIGLEC11.8913.22.3,0,0
PTK2B.8918.64.3,0,0
GALNT16.8923.94.3,0,0
RRM2B.8925.25.3,0,0
BDP1.8929.7.3,0,0
MEF2C.8933.84.3,0,0
ABCC6.8935.22.3,0,0
FAM175B.8945.7.3,0,0
HEG1.8947.268.3,0,0
ADAM19.8948.13.3,0,0
NGFR.8949.3.3,0,0
CSPG4.8951.162.3,0,0
GLT8D1.8955.60.3,0,0
ERLEC1.8957.72.3,0,0
ERAP2.8960.3.3,0,0
VTI1B.8963.8.3,0,0
EMILIN3.8964.14.3,0,0
RIPK2.8970.9.3,0,0
NRXN1.8971.9.3,0,0
RQCD1.8975.26.3,0,0
HSD17B2.8979.1.3,0,0
CD200R1L.8980.19.3,0,0
SERAC1.8985.13.3,0,0
SCUBE1.8989.40.3,0,0
TMEM2.8992.1.3,0,0
RIPK2.8993.151.3,0,0
SLAMF8.8994.65.3,0,0
HS3ST4.8998.15.3,0,0
PLXNA1.9005.16.3,0,0
PRRG1.9008.6.3,0,0
DMPK.9010.3.3,0,0
PRG3.9015.1.3,0,0
LCT.9017.58.3,0,0
PCDH10.9018.38.3,0,0
HAVCR1.9021.1.3,0,0
CD34.9023.9.3,0,0
MTPAP.9028.5.3,0,0
C17orf89.9030.56.3,0,0
MXI1.9035.2.3,0,0
STX18.9037.1.3,0,0
JTB.9038.12.3,0,0
TOR1AIP1.9039.47.3,0,0
TFIP11.9043.7.3,0,0
SLC27A2.9045.3.3,0,0
LRPPRC.9046.46.3,0,0
RSRP1.9050.170.3,0,0
IL32.9051.13.3,0,0
FAM174B.9054.8.3,0,0
MYZAP.9055.81.3,0,0
RAPGEF5.9059.14.3,0,0
ARHGEF10.9061.3.3,0,0
CEP57.9067.152.3,0,0
JAKMIP3.9068.17.3,0,0
FLVCR1.9073.35.3,0,0
FAXDC2.9074.6.3,0,0
KIAA1024.9075.121.3,0,0
MAN1A2.9077.10.3,0,0
SLC30A3.9081.39.3,0,0
SEL1L2.9082.25.3,0,0
NHLRC3.9087.8.3,0,0
SLC9B2.9088.20.3,0,0
JPH3.9089.77.3,0,0
ANGPTL1.9092.33.3,0,0
MTFR1.9095.5.3,0,0
KIAA1324.9097.5.3,0,0
SYT5.9099.19.3,0,0
ZFYVE27.9102.28.3,0,0
LYSMD4.9106.87.3,0,0
SYT17.9110.2.3,0,0
UMODL1.9114.84.3,0,0
HEPACAM2.9116.28.3,0,0
IL36G.9117.4.3,0,0
PSD2.9118.7.3,0,0
SLC26A5.9127.4.3,0,0
FLRT3.9128.34.3,0,0
CCL26.9168.31.3,0,0
IL17A.9170.24.3,0,0
CSRP3.9171.11.3,0,0
PGM1.9173.21.3,0,0
DSCAM.9175.48.3,0,0
MUC1.9176.3.3,0,0
NRG1.9178.30.3,0,0
IFNGR2.9180.6.3,0,0
LRP1.9182.3.3,0,0
IFNAR1.9183.7.3,0,0
TFF1.9185.15.3,0,0
HMGN1.9187.2.3,0,0
CXCL9.9188.119.3,0,0
CD63.9190.7.3,0,0
TFF2.9191.8.3,0,0
LGALS7.9196.8.3,0,0
LGALS9.9197.4.3,0,0
UBE2G2.9199.6.3,0,0
POMC.9204.33.3,0,0
CRYZL1.9207.60.3,0,0
NENF.9219.70.3,0,0
EPHB3.9220.7.3,0,0
ITPRIPL1.9221.6.3,0,0
TMUB2.9226.6.3,0,0
CTRL.9229.9.3,0,0
IMPAD1.9231.23.3,0,0
TFPI2.9233.71.3,0,0
TWSG1.9234.8.3,0,0
ACP2.9237.54.3,0,0
SIRPG.9241.40.3,0,0
LYG1.9243.10.3,0,0
LPAL2.9246.1.3,0,0
TMEM9.9249.17.3,0,0
MAN2B2.9251.28.3,0,0
ABO.9253.52.3,0,0
IL17C.9255.5.3,0,0
NPTX1.9256.78.3,0,0
SIAE.9263.57.3,0,0
CTSO.9264.11.3,0,0
GLIPR1.9265.10.3,0,0
CPA4.9267.2.3,0,0
STIM1.9271.101.3,0,0
CPA2.9276.7.3,0,0
EPYC.9278.9.3,0,0
CD44.9283.8.3,0,0
SPR.9287.6.3,0,0
FKBP7.9288.7.3,0,0
RMDN3.9290.8.3,0,0
B3GNT8.9297.12.3,0,0
GADD45GIP1.9302.90.3,0,0
DEFB118.9306.7.3,0,0
CD8B.9310.2.3,0,0
AZGP1.9312.8.3,0,0
CBLN1.9313.27.3,0,0
MUL1.9315.16.3,0,0
TMED4.9319.59.3,0,0
NMB.9321.400.3,0,0
TREML1.9329.28.3,0,0
DEFB136.9332.6.3,0,0
PSG9.9335.28.3,0,0
TAC1.9337.43.3,0,0
FKBP2.9339.204.3,0,0
FKBP14.9340.17.3,0,0
PDGFD.9341.1.3,0,0
IL2RB.9343.16.3,0,0
WFDC13.9345.436.3,0,0
ITFG1.9347.13.3,0,0
C1RL.9348.1.3,0,0
FSTL4.9350.3.3,0,0
LIPF.9353.8.3,0,0
LAMP3.9355.26.3,0,0
CREG1.9357.4.3,0,0
TGFA.9358.3.3,0,0
DLK2.9359.9.3,0,0
DEFB123.9362.11.3,0,0
CT55.9363.11.3,0,0
LRTM1.9368.64.3,0,0
LRRC4C.9369.174.3,0,0
APOO.9373.405.3,0,0
KITLG.9377.25.3,0,0
FIBCD1.9378.6.3,0,0
SMIM10.9379.248.3,0,0
CHI3L2.9383.24.3,0,0
TTC9B.9386.42.3,0,0
C12orf49.9387.13.3,0,0
MCEE.9388.18.3,0,0
GYPA.9389.12.3,0,0
GALP.9398.30.3,0,0
C2orf82.9439.454.3,0,0
DGCR6.9444.70.3,0,0
C19orf18.9445.44.3,0,0
CDK2AP1.9450.18.3,0,0
CDHR3.9463.26.3,0,0
ZNRF4.9467.24.3,0,0
LMAN2.9468.8.3,0,0
PRPSAP1.9478.69.3,0,0
NUDT9.9482.110.3,0,0
DEFB125.9486.13.3,0,0
RRBP1.9492.5.3,0,0
SMDT1.9497.3.3,0,0
GPLD1.9500.5.3,0,0
RAB27A.9504.19.3,0,0
APOL1.9506.10.3,0,0
SPRY1.9512.24.3,0,0
AIFM1.9522.3.3,0,0
ITM2C.9523.34.3,0,0
LMCD1.9530.6.3,0,0
LST1.9531.24.3,0,0
WBP1L.9532.5.3,0,0
COL26A1.9539.25.3,0,0
COG8.9543.131.3,0,0
C7orf69.9544.24.3,0,0
GZMK.9545.156.3,0,0
TTC17.9550.153.3,0,0
MANSC1.9557.5.3,0,0
VCAN.9561.21.3,0,0
FCAMR.9568.289.3,0,0
BIN1.9574.11.3,0,0
MNX1.9576.58.3,0,0
SYT2.9577.26.3,0,0
MANSC4.9578.263.3,0,0
PRRG4.9579.59.3,0,0
LAMC2.9580.5.3,0,0
PRPF6.9581.4.3,0,0
SUSD1.9582.93.3,0,0
RNMTL1.9584.105.3,0,0
CLMP.9585.80.3,0,0
SLC30A5.9594.30.3,0,0
B4GALT2.9595.11.3,0,0
CSMD1.9598.23.3,0,0
NUP210L.9606.4.3,0,0
C8orf33.9613.16.3,0,0
PDGFRL.9713.67.3,0,0
MMP16.9719.145.3,0,0
MMRN2.9723.105.3,0,0
CCNB1IP1.9728.4.3,0,0
GHDC.9730.22.3,0,0
CD96.9735.44.3,0,0
FAF2.9738.7.3,0,0
DDX39B.9742.59.3,0,0
DNAJA4.9744.139.3,0,0
EIF4E2.9745.20.3,0,0
EZR.9753.17.3,0,0
NQO2.9754.33.3,0,0
ENAH.9757.29.3,0,0
RPS4X.9758.17.3,0,0
RIPPLY1.9767.22.3,0,0
RNF149.9773.15.3,0,0
RNF150.9774.59.3,0,0
IER3.9786.310.3,0,0
SYNE2.9789.52.3,0,0
BRSK2.9790.28.3,0,0
ADCK4.9794.17.3,0,0
CEL.9796.4.3,0,0
NRXN3.9799.3.3,0,0
NDUFB8.9800.20.3,0,0
COL9A2.9804.11.3,0,0
ISOC1.9816.37.3,0,0
DHFR.9823.2.3,0,0
FHIT.9826.135.3,0,0
LDHC.9828.86.3,0,0
SULT2A1.9829.91.3,0,0
VAV3.9830.109.3,0,0
HGD.9832.33.3,0,0
ADH1B.9834.62.3,0,0
DCK.9836.20.3,0,0
NQO1.9837.60.3,0,0
TIRAP.9839.148.3,0,0
CDC42.9840.2.3,0,0
PAICS.9841.197.3,0,0
ARHGDIB.9846.32.3,0,0
TGIF2.9847.21.3,0,0
CCNH.9848.22.3,0,0
APEX1.9849.13.3,0,0
EIF1AX.9850.38.3,0,0
IFIT2.9853.3.3,0,0
RHOA.9855.10.3,0,0
SAT1.9859.180.3,0,0
UBE2B.9865.40.3,0,0
FBP2.9867.23.3,0,0
CTNNA2.9872.23.3,0,0
CDKN2B.9874.28.3,0,0
CRKL.9877.28.3,0,0
PPIL1.9884.8.3,0,0
RAP2A.9885.41.3,0,0
RBBP6.9887.40.3,0,0
OAZ1.9893.27.3,0,0
MYO6.9894.13.3,0,0
ERCC4.9895.77.3,0,0
KIF1C.9899.28.3,0,0
CEP57.9905.8.3,0,0
CD300LG.9909.4.3,0,0
MTAP.9910.9.3,0,0
CALB1.9918.23.3,0,0
SCARF2.9925.56.3,0,0
TNS4.9927.96.3,0,0
GABBR2.9930.48.3,0,0
PITPNA.9934.29.3,0,0
GJA1.9937.7.3,0,0
PCDHB1.9941.70.3,0,0
NXT1.9942.2.3,0,0
TOPBP1.9947.22.3,0,0
FBXL4.9951.36.3,0,0
NPIPB3.9954.2.3,0,0
RNF148.9955.40.3,0,0
RNF114.9957.9.3,0,0
TMEM59L.9959.60.3,0,0
CDHR5.9962.1.3,0,0
PCDHB10.9963.19.3,0,0
MYZAP.9964.10.3,0,0
SLC22A16.9969.8.3,0,0
CSMD2.9971.5.3,0,0
AMIGO1.9979.13.3,0,0
YIPF6.9984.12.3,0,0
ZNF264.9993.11.3,0,0
ATP4B.9994.217.3,0,0
UBXN4.9997.12.3,0,0
IRF6.9999.1.3,0,0